full_name,rating,jersey,team,position,b_day,height,weight,salary,country,draft_year,draft_round,draft_peak,college,version,age,Nets,Warriors,Clippers,Lakers,Blazers
LeBron James,97,#23,Lakers,F,12/30/84,6-9 / 2.06,250 lbs. / 113.4 kg.,"$37,436,858 ",USA,2003,1,1,,NBA2k20,2/7/00,96,95,97,97,92
Kawhi Leonard,97,#2,Clippers,F,6/29/91,6-7 / 2.01,225 lbs. / 102.1 kg.,"$32,742,000 ",USA,2011,1,15,San Diego State,NBA2k20,2/1/00,91,89,93,94,87
Giannis Antetokounmpo,96,#34,Bucks,F-G,12/6/94,6-11 / 2.11,242 lbs. / 109.8 kg.,"$25,842,697 ",Greece,2013,1,15,,NBA2k20,1/28/00,82,87,84,86,83
Kevin Durant,96,#7,Nets,F,9/29/88,6-10 / 2.08,230 lbs. / 104.3 kg.,"$37,199,000 ",USA,2007,1,2,Texas,NBA2k20,2/4/00,81,86,83,84,81
James Harden,96,#13,Rockets,G,8/26/89,6-5 / 1.96,220 lbs. / 99.8 kg.,"$38,199,000 ",USA,2009,1,3,Arizona State,NBA2k20,2/3/00,79,79,79,79,76
Stephen Curry,95,#30,Warriors,G,3/14/88,6-3 / 1.91,185 lbs. / 83.9 kg.,"$40,231,758 ",USA,2009,1,7,Davidson,NBA2k20,2/4/00,,,,,
Anthony Davis,94,#3,Lakers,F-C,3/11/93,6-10 / 2.08,222 lbs. / 100.7 kg.,"$27,093,019 ",USA,2012,1,1,Kentucky,NBA2k20,1/30/00,,,,,
Paul George,93,#13,Clippers,F,5/2/90,6-8 / 2.03,210 lbs. / 95.3 kg.,"$33,005,556 ",USA,2010,1,10,Fresno State,NBA2k20,2/2/00,,,,,
Damian Lillard,92,#0,Blazers,G,7/15/90,6-2 / 1.88,195 lbs. / 88.5 kg.,"$29,802,321 ",USA,2012,1,6,Weber State,NBA2k20,2/2/00,,,,,
Joel Embiid,91,#21,76ers,C,3/16/94,7-0 / 2.13,250 lbs. / 113.4 kg.,"$27,504,630 ",Cameroon,2014,1,3,Kansas,NBA2k20,1/29/00,,,,,
Kyrie Irving,91,#11,Nets,G,3/23/92,6-2 / 1.88,180 lbs. / 81.6 kg.,"$31,742,000 ",Australia,2011,1,1,Duke,NBA2k20,1/31/00,,,,,
Nikola Jokic,90,#15,Nuggets,C,2/19/95,7-0 / 2.13,253 lbs. / 114.8 kg.,"$27,504,630 ",Serbia,2014,2,41,,NBA2k20,1/28/00,,,,,
Russell Westbrook,90,#0,Rockets,G,11/12/88,6-3 / 1.91,190 lbs. / 86.2 kg.,"$38,506,482 ",USA,2008,1,4,UCLA,NBA2k20,2/4/00,,,,,
Klay Thompson,89,#11,Warriors,G,2/8/90,6-6 / 1.98,205 lbs. / 93 kg.,"$32,742,000 ",USA,2011,1,11,Washington State,NBA2k20,2/2/00,,,,,
Karl-Anthony Towns,89,#32,Timberwolves,F-C,11/15/95,6-11 / 2.11,248 lbs. / 112.5 kg.,"$27,285,000 ",USA,2015,1,1,Kentucky,NBA2k20,1/28/00,,,,,
Jimmy Butler,88,#22,Heat,G,9/14/89,6-7 / 2.01,220 lbs. / 99.8 kg.,"$32,742,000 ",USA,2011,1,30,Marquette,NBA2k20,2/3/00,,,,,
Rudy Gobert,88,#27,Jazz,C,6/26/92,7-1 / 2.16,238 lbs. / 108 kg.,"$25,258,427 ",France,2013,1,27,,NBA2k20,1/31/00,,,,,
Blake Griffin,88,#23,Pistons,F,3/16/89,6-9 / 2.06,252 lbs. / 114.3 kg.,"$34,449,964 ",USA,2009,1,1,Oklahoma,NBA2k20,2/3/00,,,,,
Donovan Mitchell,88,#45,Jazz,G,9/7/96,6-1 / 1.85,211 lbs. / 95.7 kg.,"$3,635,760 ",USA,2017,1,13,Louisville,NBA2k20,1/27/00,,,,,
Kemba Walker,88,#8,Celtics,G,5/8/90,6-0 / 1.83,172 lbs. / 78 kg.,"$32,742,000 ",USA,2011,1,9,UConn,NBA2k20,2/2/00,,,,,
Luka Doncic,87,#77,Mavericks,G-F,2/28/99,6-7 / 2.01,227 lbs. / 103 kg.,"$7,683,360 ",Slovenia,2018,1,3,,NBA2k20,1/24/00,,,,,
LaMarcus Aldridge,87,#12,Spurs,F-C,7/19/85,6-11 / 2.11,246 lbs. / 111.6 kg.,"$26,000,000 ",USA,2006,1,2,Texas,NBA2k20,2/7/00,,,,,
Bradley Beal,87,#3,Wizards,G,6/28/93,6-3 / 1.91,207 lbs. / 93.9 kg.,"$27,093,018 ",USA,2012,1,3,Florida,NBA2k20,1/30/00,,,,,
Mike Conley,87,#10,Jazz,G,10/11/87,6-1 / 1.85,185 lbs. / 83.9 kg.,"$32,511,623 ",USA,2007,1,4,Ohio State,NBA2k20,2/5/00,,,,,
DeMar DeRozan,87,#10,Spurs,G-F,8/7/89,6-6 / 1.98,220 lbs. / 99.8 kg.,"$27,739,975 ",USA,2009,1,9,USC,NBA2k20,2/3/00,,,,,
CJ McCollum,87,#3,Blazers,G,9/19/91,6-3 / 1.91,197 lbs. / 89.4 kg.,"$27,556,959 ",USA,2013,1,10,Lehigh,NBA2k20,2/1/00,,,,,
Victor Oladipo,87,#4,Pacers,G,5/4/92,6-4 / 1.93,213 lbs. / 96.6 kg.,"$21,000,000 ",USA,2013,1,2,Indiana,NBA2k20,1/31/00,,,,,
Kristaps Porzingis,87,#6,Mavericks,F-C,8/2/95,7-3 / 2.21,220 lbs. / 99.8 kg.,"$27,285,000 ",Latvia,2015,1,4,,NBA2k20,1/28/00,,,,,
D'Angelo Russell,87,#0,Timberwolves,G,2/23/96,6-4 / 1.93,193 lbs. / 87.5 kg.,"$27,285,000 ",USA,2015,1,2,Ohio State,NBA2k20,1/27/00,,,,,
Pascal Siakam,87,#43,Raptors,F,4/2/94,6-9 / 2.06,227 lbs. / 103 kg.,"$2,351,838 ",Cameroon,2016,1,27,New Mexico State,NBA2k20,1/29/00,,,,,
Ben Simmons,87,#25,76ers,F,7/20/96,6-10 / 2.08,240 lbs. / 108.9 kg.,"$8,113,929 ",Australia,2016,1,1,LSU,NBA2k20,1/27/00,,,,,
De'Aaron Fox,86,#5,Kings,G,12/20/97,6-3 / 1.91,171 lbs. / 77.6 kg.,"$6,392,760 ",USA,2017,1,5,Kentucky,NBA2k20,1/25/00,,,,,
Devin Booker,86,#1,Suns,G,10/30/96,6-5 / 1.96,206 lbs. / 93.4 kg.,"$27,285,000 ",USA,2015,1,13,Kentucky,NBA2k20,1/27/00,,,,,
DeMarcus Cousins,86,#0,,C,8/13/90,6-10 / 2.08,270 lbs. / 122.5 kg.,"$3,500,000 ",USA,2010,1,5,Kentucky,NBA2k20,2/2/00,,,,,
Andre Drummond,86,#0,Cavaliers,C,8/10/93,6-10 / 2.08,270 lbs. / 122.5 kg.,"$27,093,018 ",USA,2012,1,9,UConn,NBA2k20,1/30/00,,,,,
Draymond Green,86,#23,Warriors,F,3/4/90,6-6 / 1.98,230 lbs. / 104.3 kg.,"$18,539,130 ",USA,2012,2,35,Michigan State,NBA2k20,2/2/00,,,,,
Jrue Holiday,86,#11,Pelicans,G,6/12/90,6-3 / 1.91,180 lbs. / 81.6 kg.,"$26,131,111 ",USA,2009,1,17,UCLA,NBA2k20,2/2/00,,,,,
Nikola Vucevic,86,#9,Magic,C,10/24/90,6-11 / 2.11,240 lbs. / 108.9 kg.,"$28,000,000 ",Montenegro,2011,1,16,USC,NBA2k20,2/2/00,,,,,
John Wall,86,#2,Wizards,G,9/6/90,6-4 / 1.93,195 lbs. / 88.5 kg.,"$38,199,000 ",USA,2010,1,1,Kentucky,NBA2k20,2/2/00,,,,,
Jayson Tatum,85,#0,Celtics,F,3/3/98,6-8 / 2.03,204 lbs. / 92.5 kg.,"$7,830,000 ",USA,2017,1,3,Duke,NBA2k20,,,,,,
Trae Young,85,#11,Hawks,G,9/19/98,6-1 / 1.85,180 lbs. / 81.6 kg.,"$6,273,000 ",USA,2018,1,5,Oklahoma,NBA2k20,,,,,,
Eric Bledsoe,85,#6,Bucks,G,12/9/89,6-1 / 1.85,195 lbs. / 88.5 kg.,"$15,625,000 ",USA,2010,1,18,Kentucky,NBA2k20,,,,,,
Clint Capela,85,#15,Hawks,C,5/18/94,6-10 / 2.08,211 lbs. / 95.7 kg.,"$16,896,552 ",Switzerland,2014,1,25,,NBA2k20,,,,,,
Tobias Harris,85,#12,76ers,F,7/15/92,6-8 / 2.03,226 lbs. / 102.5 kg.,"$32,742,000 ",USA,2011,1,19,Tennessee,NBA2k20,,,,,,
Al Horford,85,#42,76ers,C-F,6/3/86,6-9 / 2.06,246 lbs. / 111.6 kg.,"$28,000,000 ",Dominican Republic,2007,1,3,Florida,NBA2k20,,,,,,
Zach LaVine,85,#8,Bulls,G,3/10/95,6-6 / 1.98,181 lbs. / 82.1 kg.,"$19,500,000 ",USA,2014,1,13,UCLA,NBA2k20,,,,,,
Kyle Lowry,85,#7,Raptors,G,3/25/86,6-0 / 1.83,205 lbs. / 93 kg.,"$33,296,296 ",USA,2006,1,24,Villanova,NBA2k20,,,,,,
Khris Middleton,85,#22,Bucks,F,8/12/91,6-7 / 2.01,217 lbs. / 98.4 kg.,"$30,603,448 ",USA,2012,2,39,Texas A&M,NBA2k20,,,,,,
Chris Paul,85,#3,Thunder,G,5/6/85,6-1 / 1.85,175 lbs. / 79.4 kg.,"$38,506,482 ",USA,2005,1,4,Wake Forest,NBA2k20,,,,,,
John Collins,84,#20,Hawks,F,9/23/97,6-9 / 2.06,225 lbs. / 102.1 kg.,"$2,686,560 ",USA,2017,1,19,Wake Forest,NBA2k20,,,,,,
Buddy Hield,84,#24,Kings,G,12/17/93,6-4 / 1.93,212 lbs. / 96.2 kg.,"$4,861,207 ",The Bahamas,2016,1,6,Oklahoma,NBA2k20,,,,,,
Kyle Kuzma,84,#0,Lakers,F,7/24/95,6-8 / 2.03,221 lbs. / 100.2 kg.,"$1,974,600 ",USA,2017,1,27,Utah,NBA2k20,,,,,,
Jamal Murray,84,#27,Nuggets,G,2/23/97,6-4 / 1.93,201 lbs. / 91.2 kg.,"$4,444,746 ",Canada,2016,1,7,Kentucky,NBA2k20,,,,,,
Louis Williams,84,#23,Clippers,G,10/27/86,6-1 / 1.85,175 lbs. / 79.4 kg.,"$8,000,000 ",USA,2005,2,45,,NBA2k20,,,,,,
Marvin Bagley,83,#35,Kings,F,3/14/99,6-11 / 2.11,235 lbs. / 106.6 kg.,"$8,556,120 ",USA,2018,1,2,Duke,NBA2k20,,,,,,
Bojan Bogdanovic,83,#44,Jazz,G-F,4/18/89,6-8 / 2.03,216 lbs. / 98 kg.,"$17,000,000 ",Croatia,2011,2,31,,NBA2k20,,,,,,
Malcolm Brogdon,83,#7,Pacers,G,12/11/92,6-5 / 1.96,223 lbs. / 101.2 kg.,"$20,000,000 ",USA,2016,2,36,Virginia,NBA2k20,,,,,,
Danilo Gallinari,83,#8,Thunder,F,8/8/88,6-10 / 2.08,225 lbs. / 102.1 kg.,"$22,615,559 ",Italy,2008,1,6,,NBA2k20,,,,,,
Montrezl Harrell,83,#5,Clippers,F,1/26/94,6-7 / 2.01,253 lbs. / 114.8 kg.,"$6,000,000 ",USA,2015,2,32,Louisville,NBA2k20,,,,,,
Kevin Love,83,#0,Cavaliers,F,9/7/88,6-8 / 2.03,260 lbs. / 117.9 kg.,"$28,942,830 ",USA,2008,1,5,UCLA,NBA2k20,,,,,,
Lauri Markkanen,83,#24,Bulls,F-C,5/22/97,7-0 / 2.13,240 lbs. / 108.9 kg.,"$5,300,400 ",Finland,2017,1,7,Arizona,NBA2k20,,,,,,
Jusuf Nurkic,83,#27,Blazers,C,8/23/94,7-0 / 2.13,290 lbs. / 131.5 kg.,"$12,000,000 ",Bosnia and Herzegovina,2014,1,16,,NBA2k20,,,,,,
Julius Randle,83,#30,Knicks,F,11/29/94,6-8 / 2.03,250 lbs. / 113.4 kg.,"$18,000,000 ",USA,2014,1,7,Kentucky,NBA2k20,,,,,,
Marc Gasol,82,#33,Raptors,C,1/29/85,6-11 / 2.11,265 lbs. / 120.2 kg.,"$25,595,700 ",Spain,2007,2,48,,NBA2k20,,,,,,
Steven Adams,82,#12,Thunder,C,7/20/93,6-11 / 2.11,255 lbs. / 115.7 kg.,"$25,842,697 ",New Zealand,2013,1,12,Pittsburgh,NBA2k20,,,,,,
Deandre Ayton,82,#22,Suns,C,7/23/98,6-11 / 2.11,250 lbs. / 113.4 kg.,"$9,562,920 ",The Bahamas,2018,1,1,Arizona,NBA2k20,,,,,,
Spencer Dinwiddie,82,#8,Nets,G,4/6/93,6-5 / 1.96,205 lbs. / 93 kg.,"$10,605,600 ",USA,2014,2,38,Colorado,NBA2k20,,,,,,
Jaren Jackson,82,#13,Grizzlies,F-C,9/15/99,6-11 / 2.11,242 lbs. / 110 kg.,"$6,699,960 ",USA,2018,1,4,Michigan State,NBA2k20,,,,,,
Paul Millsap,82,#4,Nuggets,F-C,2/10/85,6-7 / 2.01,250 lbs. / 113.4 kg.,"$30,350,000 ",USA,2017,2,47,Louisiana Tech,NBA2k20,,,,,,
Marcus Smart,82,#36,Celtics,G,3/6/94,6-3 / 1.91,227 lbs. / 103 kg.,"$12,553,571 ",USA,2014,1,6,Oklahoma State,NBA2k20,,,,,,
Myles Turner,82,#33,Pacers,F-C,3/24/96,6-11 / 2.11,239 lbs. / 108.4 kg.,"$18,000,000 ",USA,2015,1,11,Texas,NBA2k20,,,,,,
Serge Ibaka,81,#9,Raptors,F,9/18/89,7-0 / 2.13,240 lbs. / 108.9 kg.,"$23,271,604 ",Spain,2008,1,24,,NBA2k20,,,,,,
Zion Williamson,81,#1,Pelicans,F,7/6/00,6-6 / 1.98,284 lbs. / 128.8 kg.,"$9,757,440 ",USA,2019,1,1,Duke,NBA2k20,,,,,,
Rudy Gay,81,#22,Spurs,F,8/17/86,6-8 / 2.03,230 lbs. / 104.3 kg.,"$14,500,000 ",USA,2006,1,8,UConn,NBA2k20,,,,,,
Aaron Gordon,81,#0,Magic,F,9/16/95,6-8 / 2.03,220 lbs. / 99.8 kg.,"$19,863,636 ",USA,2014,1,4,Arizona,NBA2k20,,,,,,
Brandon Ingram,81,#14,Pelicans,F,9/2/97,6-7 / 2.01,196 lbs. / 88.9 kg.,"$7,265,485 ",USA,2016,1,2,Duke,NBA2k20,,,,,,
DeAndre Jordan,81,#6,Nets,C,7/21/88,6-11 / 2.11,265 lbs. / 120.2 kg.,"$9,881,598 ",USA,2008,2,35,Texas A&M,NBA2k20,,,,,,
Domantas Sabonis,81,#11,Pacers,F-C,5/3/96,6-11 / 2.11,231 lbs. / 104.8 kg.,"$3,529,554 ",Lithuania,2016,1,11,Gonzaga,NBA2k20,,,,,,
Jonas Valanciunas,81,#17,Grizzlies,C,5/6/92,6-11 / 2.11,231 lbs. / 104.8 kg.,"$16,000,000 ",Lithuania,2011,1,5,,NBA2k20,,,,,,
Hassan Whiteside,81,#21,Blazers,C,6/13/89,7-0 / 2.13,235 lbs. / 106.6 kg.,"$27,093,018 ",USA,2010,2,33,Marshall,NBA2k20,,,,,,
Derrick Rose,80,#25,Pistons,G,10/4/88,6-2 / 1.88,190 lbs. / 86.2 kg.,"$7,317,074 ",USA,2008,1,1,Memphis,NBA2k20,,,,,,
Robert Covington,80,#33,Rockets,F,12/14/90,6-7 / 2.01,209 lbs. / 94.8 kg.,"$11,301,219 ",USA,2013,Undrafted,Undrafted,Tennessee State,NBA2k20,,,,,,
Derrick Favors,80,#22,Pelicans,F,7/15/91,6-9 / 2.06,246 lbs. / 111.6 kg.,"$17,650,000 ",USA,2010,1,3,Georgia Tech,NBA2k20,,,,,,
Gordon Hayward,80,#20,Celtics,F,3/23/90,6-7 / 2.01,207 lbs. / 93.9 kg.,"$32,700,690 ",USA,2010,1,9,Butler,NBA2k20,,,,,,
Reggie Jackson,80,#0,Clippers,G,4/16/90,6-3 / 1.91,208 lbs. / 94.3 kg.,"$17,799,677 ",USA,2011,1,24,Boston College,NBA2k20,,,,,,
Enes Kanter,80,#11,Celtics,C,5/20/92,6-10 / 2.08,262 lbs. / 118.8 kg.,"$4,767,000 ",Turkey,2011,1,3,,NBA2k20,,,,,,
Otto Porter,80,#22,Bulls,F,6/3/93,6-8 / 2.03,198 lbs. / 89.8 kg.,"$27,250,576 ",USA,2013,1,2,Georgetown,NBA2k20,,,,,,
JJ Redick,80,#4,Pelicans,G,6/24/84,6-3 / 1.91,190 lbs. / 86.2 kg.,"$13,486,300 ",USA,2006,1,11,Duke,NBA2k20,,,,,,
Josh Richardson,80,#0,76ers,G,9/15/93,6-5 / 1.96,200 lbs. / 90.7 kg.,"$10,116,576 ",USA,2015,2,40,Tennessee,NBA2k20,,,,,,
TJ Warren,80,#1,Pacers,F,9/5/93,6-8 / 2.03,220 lbs. / 99.8 kg.,"$11,060,000 ",USA,2014,1,14,NC State,NBA2k20,,,,,,
Ja Morant,79,#12,Grizzlies,G,8/10/99,6-3 / 1.91,174 lbs. / 78.9 kg.,"$8,730,240 ",USA,2019,1,2,Murray State,NBA2k20,,,,,,
Bam Adebayo,79,#13,Heat,F-C,7/18/97,6-9 / 2.06,243 lbs. / 110.2 kg.,"$3,454,080 ",USA,2017,1,14,Kentucky,NBA2k20,,,,,,
Jarrett Allen,79,#31,Nets,C,4/20/98,6-11 / 2.11,234 lbs. / 106.1 kg.,"$2,376,840 ",USA,2017,1,22,Texas,NBA2k20,,,,,,
Lonzo Ball,79,#2,Pelicans,G,10/27/97,6-6 / 1.98,190 lbs. / 86.2 kg.,"$8,719,320 ",USA,2017,1,2,UCLA,NBA2k20,,,,,,
Harrison Barnes,79,#40,Kings,F,5/30/92,6-8 / 2.03,210 lbs. / 95.3 kg.,"$24,147,727 ",USA,2012,1,7,North Carolina,NBA2k20,,,,,,
Patrick Beverley,79,#21,Clippers,G,7/12/88,6-1 / 1.85,180 lbs. / 81.6 kg.,"$12,345,680 ",USA,2009,2,42,Arkansas,NBA2k20,,,,,,
Jaylen Brown,79,#7,Celtics,F,10/24/96,6-6 / 1.98,223 lbs. / 101.2 kg.,"$6,534,829 ",USA,2016,1,3,California,NBA2k20,,,,,,
Willie Cauley-Stein,79,#0,Mavericks,C,8/18/93,7-0 / 2.13,242 lbs. / 109.8 kg.,"$2,177,483 ",USA,2015,1,6,Kentucky,NBA2k20,,,,,,
Goran Dragic,79,#7,Heat,G,5/6/86,6-3 / 1.91,190 lbs. / 86.2 kg.,"$19,217,900 ",Slovenia,2008,2,45,,NBA2k20,,,,,,
Shai Gilgeous-Alexander,79,#2,Thunder,G,7/12/98,6-5 / 1.96,180 lbs. / 81.6 kg.,"$3,952,920 ",Canada,2018,1,11,Kentucky,NBA2k20,,,,,,
Gary Harris,79,#14,Nuggets,G,9/14/94,6-4 / 1.93,205 lbs. / 93 kg.,"$17,839,286 ",USA,2014,1,19,Michigan State,NBA2k20,,,,,,
Joe Ingles,79,#2,Jazz,F,10/2/87,6-7 / 2.01,209 lbs. / 94.8 kg.,"$11,454,546 ",Australia,2009,Undrafted,Undrafted,,NBA2k20,,,,,,
Jeremy Lamb,79,#26,Pacers,G,5/30/92,6-5 / 1.96,180 lbs. / 81.6 kg.,"$10,500,000 ",USA,2012,1,12,UConn,NBA2k20,,,,,,
Brook Lopez,79,#11,Bucks,C,4/1/88,7-0 / 2.13,265 lbs. / 120.2 kg.,"$12,093,024 ",USA,2008,1,10,Stanford,NBA2k20,,,,,,
JaVale McGee,79,#7,Lakers,C,1/19/88,7-0 / 2.13,270 lbs. / 122.5 kg.,"$4,000,000 ",USA,2008,1,18,Nevada,NBA2k20,,,,,,
Mitchell Robinson,79,#23,Knicks,C,4/1/98,7-0 / 2.13,223 lbs. / 101.2 kg.,"$1,559,712 ",USA,2018,2,36,,NBA2k20,,,,,,
Terrence Ross,79,#8,Magic,G,2/5/91,6-6 / 1.98,206 lbs. / 93.4 kg.,"$12,500,000 ",USA,2012,1,8,Washington,NBA2k20,,,,,,
Tristan Thompson,79,#13,Cavaliers,F,3/13/91,6-9 / 2.06,225 lbs. / 102.1 kg.,"$18,539,130 ",Canada,2011,1,4,Texas,NBA2k20,,,,,,
PJ Tucker,79,#17,Rockets,F,5/5/85,6-5 / 1.96,225 lbs. / 102.1 kg.,"$8,349,039 ",USA,2006,2,35,Texas,NBA2k20,,,,,,
Fred VanVleet,79,#23,Raptors,G,2/25/94,6-1 / 1.85,197 lbs. / 89.4 kg.,"$9,346,153 ",USA,2006,Undrafted,Undrafted,Wichita State,NBA2k20,,,,,,
Andrew Wiggins,79,#22,Warriors,F,2/23/95,6-7 / 2.01,197 lbs. / 89.4 kg.,"$27,504,630 ",Canada,2014,1,1,Kansas,NBA2k20,,,,,,
Thaddeus Young,79,#21,Bulls,F,6/21/88,6-8 / 2.03,220 lbs. / 99.8 kg.,"$12,900,000 ",USA,2007,1,12,Georgia Tech,NBA2k20,,,,,,
RJ Barrett,78,#9,Knicks,G,6/14/00,6-6 / 1.98,202 lbs. / 91.6 kg.,"$7,839,960 ",Canada,2019,1,3,Duke,NBA2k20,,,,,,
Ricky Rubio,78,#11,Suns,G,10/21/90,6-3 / 1.91,180 lbs. / 81.6 kg.,"$16,200,000 ",Spain,2009,1,5,,NBA2k20,,,,,,
Will Barton,78,#5,Nuggets,G,1/6/91,6-5 / 1.96,175 lbs. / 79.4 kg.,"$12,776,786 ",USA,2012,2,40,Memphis,NBA2k20,,,,,,
Bogdan Bogdanovic,78,#8,Kings,G,8/18/92,6-6 / 1.98,205 lbs. / 93 kg.,"$8,529,386 ",Serbia,2014,1,27,,NBA2k20,,,,,,
Thomas Bryant,78,#13,Wizards,F-C,7/31/97,6-10 / 2.08,241 lbs. / 109.3 kg.,"$8,000,000 ",USA,2017,2,42,Indiana,NBA2k20,,,,,,
Wendell Carter,78,#34,Bulls,C,4/16/99,6-9 / 2.06,259 lbs. / 117.5 kg.,"$5,201,400 ",USA,2018,1,7,Duke,NBA2k20,,,,,,
Jordan Clarkson,78,#8,Jazz,G,6/7/92,6-4 / 1.93,186 lbs. / 84.4 kg.,"$13,437,500 ",Philippines,2014,2,46,Missouri,NBA2k20,,,,,,
Evan Fournier,78,#10,Magic,G,10/29/92,6-7 / 2.01,190 lbs. / 86.2 kg.,"$17,150,000 ",France,2012,1,20,,NBA2k20,,,,,,
Eric Gordon,78,#10,Rockets,G,12/25/88,6-3 / 1.91,215 lbs. / 97.5 kg.,"$14,057,730 ",USA,2008,1,7,Indiana,NBA2k20,,,,,,
JaMychal Green,78,#4,Clippers,F,6/21/90,6-8 / 2.03,220 lbs. / 99.8 kg.,"$4,767,000 ",USA,2012,Undrafted,Undrafted,Alabama,NBA2k20,,,,,,
Joe Harris,78,#12,Nets,G,9/6/91,6-6 / 1.98,215 lbs. / 97.5 kg.,"$7,666,667 ",USA,2014,2,33,Virginia,NBA2k20,,,,,,
Andre Iguodala,78,#9,Heat,G-F,1/28/84,6-6 / 1.98,207 lbs. / 93.9 kg.,"$17,185,185 ",USA,2004,1,9,Arizona,NBA2k20,,,,,,
Caris LeVert,78,#22,Nets,G,8/25/94,6-6 / 1.98,191 lbs. / 86.6 kg.,"$2,625,717 ",USA,2016,1,20,Michigan,NBA2k20,,,,,,
Marcus Morris,78,#0,Clippers,F,9/2/89,6-8 / 2.03,235 lbs. / 106.6 kg.,"$15,000,000 ",USA,2011,1,14,Kansas,NBA2k20,,,,,,
Dejounte Murray,78,#5,Spurs,G,9/19/96,6-4 / 1.93,170 lbs. / 77.1 kg.,"$2,321,735 ",USA,2016,1,29,Washington,NBA2k20,,,,,,
Larry Nance Jr,78,#22,Cavaliers,F,1/1/93,6-7 / 2.01,227 lbs. / 103 kg.,"$12,727,273 ",USA,2015,1,27,Wyoming,NBA2k20,,,,,,
Kelly Olynyk,78,#9,Heat,C,4/19/91,6-11 / 2.11,234 lbs. / 106.1 kg.,"$12,667,885 ",Canada,2013,1,13,Gonzaga,NBA2k20,,,,,,
Kelly Oubre,78,#3,Suns,F-G,12/9/95,6-7 / 2.01,203 lbs. / 92.1 kg.,"$15,625,000 ",USA,2015,1,15,Kansas,NBA2k20,,,,,,
Jabari Parker,78,#0,Kings,F,3/15/95,6-8 / 2.03,235 lbs. / 106.6 kg.,"$6,500,000 ",USA,2014,1,2,Duke,NBA2k20,,,,,,
Bobby Portis,78,#1,Knicks,F-C,2/10/95,6-10 / 2.08,246 lbs. / 111.6 kg.,"$15,000,000 ",USA,2015,1,22,Arkansas,NBA2k20,,,,,,
Terry Rozier,78,#3,Hornets,G,3/17/94,6-1 / 1.85,190 lbs. / 86.2 kg.,"$19,894,737 ",USA,2015,1,16,Louisville,NBA2k20,,,,,,
Dennis Schroeder,78,#17,Thunder,G,9/15/93,6-1 / 1.85,172 lbs. / 78 kg.,"$15,500,000 ",Germany,2013,1,17,,NBA2k20,,,,,,
Jeff Teague,78,#0,Hawks,G,6/10/88,6-3 / 1.91,181 lbs. / 82.1 kg.,"$19,000,000 ",USA,2009,1,19,Wake Forest,NBA2k20,,,,,,
Derrick White,78,#4,Spurs,G,7/2/94,6-4 / 1.93,200 lbs. / 90.7 kg.,"$1,948,080 ",USA,2017,1,29,Colorado,NBA2k20,,,,,,
Justise Winslow,78,#0,Grizzlies,F,3/26/96,6-6 / 1.98,222 lbs. / 100.7 kg.,"$13,000,000 ",USA,2015,1,10,Duke,NBA2k20,,,,,,
Darius Garland,77,#10,Cavaliers,G,6/26/00,6-1 / 1.85,175 lbs. / 79.4 kg.,"$6,400,920 ",USA,2019,1,5,Vanderbilt,NBA2k20,,,,,,
De'Andre Hunter,77,#12,Hawks,F,12/1/97,6-7 / 2.01,225 lbs. / 102.1 kg.,"$7,068,360 ",USA,2019,1,4,Virginia,NBA2k20,,,,,,
Al-Farouq Aminu,77,#2,Magic,F,9/21/90,6-8 / 2.03,215 lbs. / 97.5 kg.,"$9,258,000 ",Nigeria,2010,1,8,Wake Forest,NBA2k20,,,,,,
Mo Bamba,77,#5,Magic,C,5/12/98,7-0 / 2.13,225 lbs. / 102.1 kg.,"$5,697,600 ",USA,2018,1,6,Texas,NBA2k20,,,,,,
Nicolas Batum,77,#5,Hornets,F-G,12/14/88,6-9 / 2.06,210 lbs. / 95.3 kg.,"$25,565,217 ",France,2008,1,25,,NBA2k20,,,,,,
Malik Beasley,77,#0,Timberwolves,G,11/26/96,6-4 / 1.93,198 lbs. / 89.8 kg.,"$2,731,713 ",USA,2016,1,19,Florida State,NBA2k20,,,,,,
Nemanja Bjelica,77,#88,Kings,F-G,5/9/88,6-10 / 2.08,224 lbs. / 101.6 kg.,"$6,825,000 ",Serbia,2010,2,35,,NBA2k20,,,,,,
DeMarre Carroll,77,#0,Rockets,F,7/27/86,6-6 / 1.98,212 lbs. / 96.2 kg.,"$7,339,258 ",USA,2009,1,27,Missouri,NBA2k20,,,,,,
Ed Davis,77,#17,Jazz,F,6/5/89,6-9 / 2.06,215 lbs. / 97.5 kg.,"$4,767,000 ",USA,2010,1,13,North Carolina,NBA2k20,,,,,,
Taj Gibson,77,#67,Knicks,F,6/24/85,6-9 / 2.06,225 lbs. / 102.1 kg.,"$9,000,000 ",USA,2009,1,26,USC,NBA2k20,,,,,,
Jerami Grant,77,#9,Nuggets,F,3/12/94,6-8 / 2.03,214 lbs. / 97.1 kg.,"$9,346,153 ",USA,2014,2,39,Syracuse,NBA2k20,,,,,,
Danny Green,77,#14,Lakers,G,6/22/87,6-6 / 1.98,209 lbs. / 94.8 kg.,"$14,634,147 ",USA,2009,2,46,North Carolina,NBA2k20,,,,,,
Tim Hardaway Jr,77,#11,Mavericks,G,3/16/92,6-5 / 1.96,199 lbs. / 90.3 kg.,"$20,025,127 ",USA,2013,1,24,Michigan,NBA2k20,,,,,,
Alex Len,77,#0,Kings,C,6/16/93,7-0 / 2.13,225 lbs. / 102.1 kg.,"$4,160,000 ",Ukraine,2013,1,5,Maryland,NBA2k20,,,,,,
Kevon Looney,77,#5,Warriors,F,2/6/96,6-9 / 2.06,222 lbs. / 100.7 kg.,"$4,464,286 ",USA,2015,1,30,UCLA,NBA2k20,,,,,,
Monte Morris,77,#11,Nuggets,G,6/27/95,6-2 / 1.88,175 lbs. / 79.4 kg.,"$1,588,231 ",USA,2017,2,51,Iowa State,NBA2k20,,,,,,
Nerlens Noel,77,#9,Thunder,F-C,4/10/94,6-10 / 2.08,206 lbs. / 93.4 kg.,"$1,882,867 ",USA,2013,1,6,Kentucky,NBA2k20,,,,,,
Mason Plumlee,77,#24,Nuggets,C-F,3/5/90,6-11 / 2.11,238 lbs. / 108 kg.,"$14,041,096 ",USA,2013,1,22,Duke,NBA2k20,,,,,,
Jakob Poeltl,77,#25,Spurs,C-F,10/15/95,7-1 / 2.16,239 lbs. / 108.4 kg.,"$3,754,885 ",Austria,2016,1,9,Utah,NBA2k20,,,,,,
Dwight Powell,77,#7,Mavericks,F-C,7/20/91,6-10 / 2.08,234 lbs. / 106.1 kg.,"$10,259,375 ",Canada,2014,2,45,Stanford,NBA2k20,,,,,,
Taurean Prince,77,#2,Nets,F,3/22/94,6-7 / 2.01,220 lbs. / 99.8 kg.,"$3,481,985 ",USA,2016,1,12,Baylor,NBA2k20,,,,,,
Dario Saric,77,#20,Suns,F,4/8/94,6-10 / 2.08,216 lbs. / 98 kg.,"$3,481,985 ",Croatia,2014,1,12,,NBA2k20,,,,,,
Collin Sexton,77,#2,Cavaliers,G,1/4/99,6-1 / 1.85,190 lbs. / 86.2 kg.,"$4,764,960 ",USA,2018,1,8,Alabama,NBA2k20,,,,,,
Dennis Smith,77,#5,Knicks,G,11/25/97,6-2 / 1.88,195 lbs. / 88.5 kg.,"$4,463,640 ",USA,2017,1,9,NC State,NBA2k20,,,,,,
Cody Zeller,77,#40,Hornets,C-F,10/5/92,7-0 / 2.13,230 lbs. / 104.3 kg.,"$14,471,910 ",USA,2013,1,4,Indiana,NBA2k20,,,,,,
Ivica Zubac,77,#40,Clippers,C,3/18/97,7-0 / 2.13,265 lbs. / 120.2 kg.,"$6,481,482 ",Croatia,2016,2,32,,NBA2k20,,,,,,
Jarrett Culver,77,#23,Timberwolves,G,2/20/99,6-6 / 1.98,195 lbs. / 88.5 kg.,"$5,813,640 ",USA,2019,1,6,Texas Tech,NBA2k20,,,,,,
Willy Hernangomez,76,#9,Hornets,C-F,5/27/94,6-11 / 2.11,255 lbs. / 115.7 kg.,"$1,676,735 ",Spain,2015,2,35,,NBA2k20,,,,,,
Trevor Ariza,76,#0,Blazers,F-G,6/30/85,6-8 / 2.03,210 lbs. / 95.3 kg.,"$12,200,000 ",USA,2004,2,43,UCLA,NBA2k20,,,,,,
DJ Augustin,76,#14,Magic,G,11/10/87,5-11 / 1.80,180 lbs. / 81.6 kg.,"$7,250,000 ",USA,2008,1,9,Texas,NBA2k20,,,,,,
Jose Juan Barea,76,#5,Mavericks,G,6/26/84,5-10 / 1.78,175 lbs. / 79.4 kg.,"$2,564,753 ",Puerto Rico,2006,Undrafted,Undrafted,Northeastern,NBA2k20,,,,,,
Michael Beasley,76,#0,,F,1/9/89,6-10 / 2.08,235 lbs. / 106.6 kg.,"$3,500,000 ",USA,2008,1,2,Kansas State,NBA2k20,,,,,,
Davis Bertans,76,#42,Wizards,F,11/12/92,6-10 / 2.08,211 lbs. / 95.7 kg.,"$7,000,000 ",Latvia,2011,2,42,,NBA2k20,,,,,,
Avery Bradley,76,#11,Lakers,G,11/26/90,6-3 / 1.91,195 lbs. / 88.5 kg.,"$6,767,000 ",USA,2010,1,19,Texas,NBA2k20,,,,,,
Miles Bridges,76,#0,Hornets,F,3/21/98,6-6 / 1.98,225 lbs. / 102.1 kg.,"$3,755,400 ",USA,2018,1,12,Michigan State,NBA2k20,,,,,,
Jalen Brunson,76,#13,Mavericks,G,8/31/96,6-1 / 1.85,190 lbs. / 86.2 kg.,"$1,416,852 ",USA,2018,2,33,Villanova,NBA2k20,,,,,,
Kentavious Caldwell-Pope,76,#1,Lakers,G,2/18/93,6-5 / 1.96,204 lbs. / 92.5 kg.,"$8,089,282 ",USA,2013,1,8,Georgia,NBA2k20,,,,,,
Jae Crowder,76,#99,Heat,F,7/6/90,6-6 / 1.98,235 lbs. / 106.6 kg.,"$7,815,533 ",USA,2012,2,34,Marquette,NBA2k20,,,,,,
Dewayne Dedmon,76,#0,Hawks,C,8/12/89,7-0 / 2.13,239 lbs. / 108.4 kg.,"$13,333,334 ",USA,2013,Undrafted,Undrafted,USC,NBA2k20,,,,,,
Gorgui Dieng,76,#0,Grizzlies,C,1/18/90,6-10 / 2.08,230 lbs. / 104.3 kg.,"$16,229,213 ",Senegal,2013,1,21,Louisville,NBA2k20,,,,,,
Gerald Green,76,#0,,F-G,1/26/86,6-6 / 1.98,192 lbs. / 87.1 kg.,"$2,564,753 ",USA,2005,1,18,,NBA2k20,,,,,,
Jeff Green,76,#34,Rockets,F,8/28/86,6-8 / 2.03,235 lbs. / 106.6 kg.,"$3,405,180 ",USA,2007,1,5,Georgetown,NBA2k20,,,,,,
Rodney Hood,76,#5,Blazers,F,10/20/92,6-8 / 2.03,208 lbs. / 94.3 kg.,"$5,718,000 ",USA,2014,1,23,Duke,NBA2k20,,,,,,
Kevin Huerter,76,#3,Hawks,G,8/27/98,6-7 / 2.01,190 lbs. / 86.2 kg.,"$2,636,280 ",USA,2018,1,19,Maryland,NBA2k20,,,,,,
Ersan Ilyasova,76,#7,Bucks,F,5/15/87,6-9 / 2.06,235 lbs. / 106.6 kg.,"$7,000,000 ",Turkey,2005,2,36,,NBA2k20,,,,,,
Jonathan Isaac,76,#1,Magic,F,10/3/97,6-11 / 2.11,205 lbs. / 93 kg.,"$5,806,440 ",USA,2017,1,6,Florida State,NBA2k20,,,,,,
Josh Jackson,76,#20,Grizzlies,F,2/10/97,6-8 / 2.03,203 lbs. / 92.1 kg.,"$7,059,480 ",USA,2017,1,4,Kansas,NBA2k20,,,,,,
Frank Kaminsky,76,#8,Suns,F-C,4/4/93,7-0 / 2.13,231 lbs. / 104.8 kg.,"$4,767,000 ",USA,2015,1,9,Wisconsin,NBA2k20,,,,,,
Michael Kidd-Gilchrist,76,#0,Mavericks,F,9/26/93,6-6 / 1.98,232 lbs. / 105.2 kg.,"$12,784,359 ",USA,2012,1,2,Kentucky,NBA2k20,,,,,,
Kevin Knox,76,#20,Knicks,F,8/11/99,6-7 / 2.01,215 lbs. / 97.5 kg.,"$4,380,120 ",USA,2018,1,9,Kentucky,NBA2k20,,,,,,
Meyers Leonard,76,#0,Heat,C,2/27/92,7-0 / 2.13,245 lbs. / 111.1 kg.,"$11,286,515 ",USA,2012,1,11,Illinois,NBA2k20,,,,,,
Wesley Matthews,76,#9,Bucks,G,10/14/86,6-4 / 1.93,220 lbs. / 99.8 kg.,"$2,564,753 ",USA,2009,Undrafted,Undrafted,Marquette,NBA2k20,,,,,,
Emmanuel Mudiay,76,#8,Jazz,G,3/5/96,6-3 / 1.91,190 lbs. / 86.2 kg.,"$1,737,145 ",Democratic Republic of the Congo,2015,1,7,,NBA2k20,,,,,,
Jahlil Okafor,76,#8,Pelicans,C,12/15/95,6-10 / 2.08,270 lbs. / 122.5 kg.,"$1,702,486 ",USA,2015,1,3,Duke,NBA2k20,,,,,,
Elfrid Payton,76,#6,Knicks,G,2/22/94,6-3 / 1.91,185 lbs. / 83.9 kg.,"$8,000,000 ",USA,2014,1,10,Louisiana,NBA2k20,,,,,,
Michael Porter,76,#1,Nuggets,F,6/29/98,6-10 / 2.08,215 lbs. / 97.5 kg.,"$3,389,400 ",USA,2018,1,14,Missouri,NBA2k20,,,,,,
Austin Rivers,76,#25,Rockets,G,8/1/92,6-3 / 1.91,200 lbs. / 90.7 kg.,"$2,174,310 ",USA,2012,1,10,Duke,NBA2k20,,,,,,
Andre Roberson,76,#21,Thunder,G-F,12/4/91,6-7 / 2.01,206 lbs. / 93.4 kg.,"$10,740,740 ",USA,2013,1,26,Colorado,NBA2k20,,,,,,
Rajon Rondo,76,#9,Lakers,G,2/22/86,6-1 / 1.85,186 lbs. / 84.4 kg.,"$2,564,753 ",USA,2006,1,21,Kentucky,NBA2k20,,,,,,
Landry Shamet,76,#20,Clippers,G,3/13/97,6-4 / 1.93,180 lbs. / 81.6 kg.,"$1,995,120 ",USA,2018,1,26,Wichita State,NBA2k20,,,,,,
Daniel Theis,76,#27,Celtics,C,4/4/92,6-8 / 2.03,215 lbs. / 97.5 kg.,"$5,000,000 ",Germany,2013,Undrafted,Undrafted,,NBA2k20,,,,,,
Isaiah Thomas,76,#0,,G,2/7/89,5-9 / 1.75,185 lbs. / 83.9 kg.,"$2,320,044 ",USA,2011,2,60,Washington,NBA2k20,,,,,,
Dion Waiters,76,#11,Lakers,G,12/10/91,6-3 / 1.91,210 lbs. / 95.3 kg.,"$12,475,385 ",USA,2012,1,4,Syracuse,NBA2k20,,,,,,
Marvin Williams,76,#2,Bucks,F,6/19/86,6-8 / 2.03,240 lbs. / 108.9 kg.,"$14,654,179 ",USA,2005,1,2,North Carolina,NBA2k20,,,,,,
Delon Wright,76,#55,Mavericks,G,4/26/92,6-5 / 1.96,181 lbs. / 82.1 kg.,"$9,473,684 ",USA,2015,1,20,Utah,NBA2k20,,,,,,
Coby White,76,#0,Bulls,G,2/16/00,6-4 / 1.93,185 lbs. / 83.9 kg.,"$5,307,120 ",USA,2019,1,7,North Carolina,NBA2k20,,,,,,
Pau Gasol,75,#0,,C,7/6/80,7-1 / 2.16,250 lbs. / 113.4 kg.,"$5,538,540 ",Spain,2001,1,3,,NBA2k20,,,,,,
Aron Baynes,75,#46,Suns,C,12/9/86,6-10 / 2.08,260 lbs. / 117.9 kg.,"$5,453,280 ",Australia,2009,Undrafted,Undrafted,Washington State,NBA2k20,,,,,,
Kent Bazemore,75,#26,Kings,G,7/1/89,6-4 / 1.93,195 lbs. / 88.5 kg.,"$19,269,663 ",USA,2012,Undrafted,Undrafted,Old Dominion,NBA2k20,,,,,,
Marco Belinelli,75,#18,Spurs,G,3/25/86,6-5 / 1.96,200 lbs. / 90.7 kg.,"$5,846,154 ",Italy,2007,1,18,,NBA2k20,,,,,,
Bismack Biyombo,75,#8,Hornets,C,8/28/92,6-8 / 2.03,229 lbs. / 103.9 kg.,"$17,000,000 ",Democratic Republic of the Congo,2011,1,7,,NBA2k20,,,,,,
Mikal Bridges,75,#25,Suns,F-G,8/30/96,6-6 / 1.98,209 lbs. / 94.8 kg.,"$4,161,000 ",USA,2018,1,10,Villanova,NBA2k20,,,,,,
Wilson Chandler,75,#21,Nets,F-G,5/10/87,6-8 / 2.03,225 lbs. / 102.1 kg.,"$2,564,753 ",USA,2007,1,23,DePaul,NBA2k20,,,,,,
Damyean Dotson,75,#21,Knicks,G,5/6/94,6-5 / 1.96,202 lbs. / 91.6 kg.,"$1,618,520 ",USA,2017,2,44,Houston,NBA2k20,,,,,,
Kris Dunn,75,#32,Bulls,G,3/18/94,6-3 / 1.91,205 lbs. / 93 kg.,"$5,348,007 ",USA,2016,1,5,Providence,NBA2k20,,,,,,
Wayne Ellington,75,#2,Knicks,G,11/29/87,6-4 / 1.93,200 lbs. / 90.7 kg.,"$8,000,000 ",USA,2009,1,28,North Carolina,NBA2k20,,,,,,
Bryn Forbes,75,#11,Spurs,G,7/23/93,6-2 / 1.88,187 lbs. / 84.8 kg.,"$2,875,000 ",USA,2016,Undrafted,Undrafted,Michigan State,NBA2k20,,,,,,
Josh Hart,75,#3,Pelicans,G,3/6/95,6-5 / 1.96,204 lbs. / 92.5 kg.,"$1,934,160 ",USA,2017,1,30,Villanova,NBA2k20,,,,,,
John Henson,75,#31,Pistons,F,12/28/90,6-9 / 2.06,220 lbs. / 99.8 kg.,"$9,732,396 ",USA,2012,1,14,North Carolina,NBA2k20,,,,,,
Mario Hezonja,75,#44,Blazers,F-G,2/25/95,6-8 / 2.03,201 lbs. / 91.2 kg.,"$1,737,145 ",Croatia,2015,1,5,,NBA2k20,,,,,,
George Hill,75,#3,Bucks,G,5/4/86,6-3 / 1.91,180 lbs. / 81.6 kg.,"$10,133,907 ",USA,2008,1,26,IUPUI,NBA2k20,,,,,,
Rondae Hollis-Jefferson,75,#4,Raptors,F,1/3/95,6-6 / 1.98,211 lbs. / 95.7 kg.,"$2,500,000 ",USA,2015,1,23,Arizona,NBA2k20,,,,,,
Richaun Holmes,75,#22,Kings,F,10/15/93,6-10 / 2.08,243 lbs. / 110.2 kg.,"$4,767,000 ",USA,2015,2,37,Bowling Green,NBA2k20,,,,,,
James Johnson,75,#0,Timberwolves,F,2/20/87,6-7 / 2.01,245 lbs. / 111.1 kg.,"$15,349,400 ",USA,2009,1,16,Wake Forest,NBA2k20,,,,,,
Luke Kennard,75,#5,Pistons,G,6/24/96,6-5 / 1.96,196 lbs. / 88.9 kg.,"$3,827,160 ",USA,2017,1,12,Duke,NBA2k20,,,,,,
Kyle Korver,75,#26,Bucks,F,3/17/81,6-7 / 2.01,212 lbs. / 96.2 kg.,"$6,004,753 ",USA,2003,2,51,Creighton,NBA2k20,,,,,,
Rodions Kurucs,75,#0,Nets,F,2/5/98,6-9 / 2.06,215 lbs. / 97.5 kg.,"$1,699,236 ",Latvia,2018,2,40,,NBA2k20,,,,,,
Jake Layman,75,#10,Timberwolves,F,3/7/94,6-8 / 2.03,209 lbs. / 94.8 kg.,"$3,581,986 ",USA,2016,2,47,Maryland,NBA2k20,,,,,,
Robin Lopez,75,#42,Bucks,C,4/1/88,7-0 / 2.13,255 lbs. / 115.7 kg.,"$4,767,000 ",USA,2008,1,15,Stanford,NBA2k20,,,,,,
Trey Lyles,75,#41,Spurs,F,11/5/95,6-9 / 2.06,241 lbs. / 109.3 kg.,"$5,500,000 ",Canada,2015,1,12,Kentucky,NBA2k20,,,,,,
Boban Marjanovic,75,#51,Mavericks,C,8/15/88,7-4 / 2.24,290 lbs. / 131.5 kg.,"$3,500,000 ",Serbia,2010,Undrafted,Undrafted,,NBA2k20,,,,,,
TJ McConnell,75,#9,Pacers,G,3/25/92,6-1 / 1.85,200 lbs. / 90.7 kg.,"$3,500,000 ",USA,2015,Undrafted,Undrafted,Arizona,NBA2k20,,,,,,
Patrick Mills,75,#8,Spurs,G,8/11/88,6-1 / 1.85,185 lbs. / 83.9 kg.,"$12,678,571 ",Australia,2009,2,55,Saint Mary's,NBA2k20,,,,,,
Malik Monk,75,#1,Hornets,G,2/4/98,6-3 / 1.91,197 lbs. / 89.4 kg.,"$4,028,400 ",USA,2017,1,11,Kentucky,NBA2k20,,,,,,
Markieff Morris,75,#88,Lakers,F,9/2/89,6-8 / 2.03,245 lbs. / 111.1 kg.,"$3,709,887 ",USA,2011,1,13,Kansas,NBA2k20,,,,,,
Shabazz Napier,75,#0,Wizards,G,7/14/91,6-0 / 1.83,175 lbs. / 79.4 kg.,"$1,845,301 ",USA,2014,1,24,UConn,NBA2k20,,,,,,
Cedi Osman,75,#16,Cavaliers,F-G,4/8/95,6-7 / 2.01,215 lbs. / 97.5 kg.,"$2,907,143 ",Turkey,2015,2,31,,NBA2k20,,,,,,
Tomas Satoransky,75,#31,Bulls,G,10/30/91,6-7 / 2.01,198 lbs. / 89.8 kg.,"$10,000,000 ",Czech,2012,2,32,,NBA2k20,,,,,,
Mike Scott,75,#1,76ers,F,7/16/88,6-7 / 2.01,237 lbs. / 107.5 kg.,"$4,767,000 ",USA,2012,2,43,Virginia,NBA2k20,,,,,,
Noah Vonleh,75,#0,Nuggets,F,8/24/95,6-10 / 2.08,247 lbs. / 112 kg.,"$2,000,000 ",USA,2014,1,9,Indiana,NBA2k20,,,,,,
Allonzo Trier,75,#0,,G-F,1/17/96,6-4 / 1.93,200 lbs. / 90.7 kg.,"$3,551,100 ",USA,2018,Undrafted,Undrafted,Arizona,NBA2k20,,,,,,
Juan Hernangomez,74,#41,Timberwolves,F,9/28/95,6-9 / 2.06,220 lbs. / 99.8 kg.,"$3,321,029 ",Spain,2016,1,15,,NBA2k20,,,,,,
Kyle Anderson,74,#1,Grizzlies,F,9/20/93,6-9 / 2.06,230 lbs. / 104.3 kg.,"$9,073,050 ",USA,2014,1,30,UCLA,NBA2k20,,,,,,
Jordan Bell,74,#0,Cavaliers,F-C,1/7/95,6-8 / 2.03,224 lbs. / 101.6 kg.,"$1,870,564 ",USA,2017,2,38,Oregon,NBA2k20,,,,,,
Khem Birch,74,#24,Magic,C,9/28/92,6-9 / 2.06,209 lbs. / 94.8 kg.,"$3,000,000 ",Canada,2014,Undrafted,Undrafted,UNLV,NBA2k20,,,,,,
Dillon Brooks,74,#24,Grizzlies,G-F,1/22/96,6-7 / 2.01,225 lbs. / 102.1 kg.,"$1,618,520 ",Canada,2017,2,45,Oregon,NBA2k20,,,,,,
Reggie Bullock,74,#25,Knicks,G,3/16/91,6-6 / 1.98,200 lbs. / 90.7 kg.,"$4,000,000 ",USA,2013,1,25,North Carolina,NBA2k20,,,,,,
Zach Collins,74,#33,Blazers,C,11/17/97,6-11 / 2.11,232 lbs. / 105.2 kg.,"$4,240,200 ",USA,2017,1,10,Gonzaga,NBA2k20,,,,,,
Pat Connaughton,74,#24,Bucks,G,1/6/93,6-5 / 1.96,215 lbs. / 97.5 kg.,"$1,723,050 ",USA,2015,2,41,Notre Dame,NBA2k20,,,,,,
Quinn Cook,74,#2,Lakers,G,3/23/93,6-1 / 1.85,180 lbs. / 81.6 kg.,"$3,000,000 ",USA,2015,Undrafted,Undrafted,Duke,NBA2k20,,,,,,
Torrey Craig,74,#3,Nuggets,G,12/19/90,6-7 / 2.01,215 lbs. / 97.5 kg.,"$2,000,000 ",USA,2014,Undrafted,Undrafted,USC Upstate,NBA2k20,,,,,,
Seth Curry,74,#30,Mavericks,G,8/23/90,6-2 / 1.88,180 lbs. / 81.6 kg.,"$7,461,380 ",USA,2013,Undrafted,Undrafted,Duke,NBA2k20,,,,,,
Cheick Diallo,74,#14,Suns,F-C,9/13/96,6-8 / 2.03,219 lbs. / 99.3 kg.,"$1,678,854 ",Mali,2016,2,33,Kansas,NBA2k20,,,,,,
Yogi Ferrell,74,#3,Kings,G,5/9/93,6-0 / 1.83,178 lbs. / 80.7 kg.,"$3,150,000 ",USA,2016,Undrafted,Undrafted,Indiana,NBA2k20,,,,,,
Markelle Fultz,74,#20,Magic,G,5/29/98,6-3 / 1.91,195 lbs. / 88.5 kg.,"$9,745,200 ",USA,2017,1,1,Washington,NBA2k20,,,,,,
Harry Giles,74,#20,Kings,F-C,4/22/98,6-11 / 2.11,232 lbs. / 105.2 kg.,"$2,578,800 ",USA,2017,1,20,Duke,NBA2k20,,,,,,
Moe Harkless,74,#0,Knicks,F,5/11/93,6-7 / 2.01,208 lbs. / 94.3 kg.,"$11,011,234 ",USA,2012,1,15,St. John's,NBA2k20,,,,,,
Justin Jackson,74,#44,Mavericks,F-G,3/28/95,6-7 / 2.01,201 lbs. / 91.2 kg.,"$3,280,920 ",USA,2017,1,15,North Carolina,NBA2k20,,,,,,
Tyler Johnson,74,#0,Nets,G,5/7/92,6-3 / 1.91,186 lbs. / 84.4 kg.,"$19,428,485 ",USA,2014,Undrafted,Undrafted,Fresno State,NBA2k20,,,,,,
Derrick Jones,74,#5,Heat,F,2/15/97,6-6 / 1.98,195 lbs. / 88.5 kg.,"$1,645,357 ",USA,2016,Undrafted,Undrafted,UNLV,NBA2k20,,,,,,
Cory Joseph,74,#9,Kings,G,8/20/91,6-3 / 1.91,185 lbs. / 83.9 kg.,"$12,000,000 ",Canada,2011,1,29,Texas,NBA2k20,,,,,,
Maxi Kleber,74,#42,Mavericks,F-C,1/29/92,6-10 / 2.08,211 lbs. / 95.7 kg.,"$8,000,000 ",Germany,2014,Undrafted,Undrafted,,NBA2k20,,,,,,
TJ Leaf,74,#22,Pacers,F-C,4/30/97,6-10 / 2.08,222 lbs. / 100.7 kg.,"$2,813,280 ",Israel,2017,1,18,UCLA,NBA2k20,,,,,,
Doug McDermott,74,#20,Pacers,F,1/3/92,6-7 / 2.01,218 lbs. / 98.9 kg.,"$7,333,333 ",USA,2014,1,11,Creighton,NBA2k20,,,,,,
E'Twaun Moore,74,#55,Pelicans,G,2/25/89,6-3 / 1.91,191 lbs. / 86.6 kg.,"$8,664,928 ",USA,2011,2,55,Purdue,NBA2k20,,,,,,
Joakim Noah,74,#0,Clippers,C,2/25/85,6-11 / 2.11,227 lbs. / 103 kg.,"$6,813,026 ",USA,2007,1,9,Florida,NBA2k20,,,,,,
Kyle O'Quinn,74,#9,76ers,F-C,3/26/90,6-9 / 2.06,240 lbs. / 108.9 kg.,"$2,174,318 ",USA,2012,2,49,Norfolk State,NBA2k20,,,,,,
Chandler Parsons,74,#0,,F,10/25/88,6-9 / 2.06,200 lbs. / 90.7 kg.,"$25,102,512 ",USA,2011,2,38,Florida,NBA2k20,,,,,,
Norman Powell,74,#24,Raptors,G,5/25/93,6-3 / 1.91,215 lbs. / 97.5 kg.,"$10,116,576 ",USA,2015,2,46,UCLA,NBA2k20,,,,,,
Ivan Rabb,74,#0,,F-C,2/4/97,6-10 / 2.08,220 lbs. / 99.8 kg.,"$451,326 ",USA,2017,2,35,California,NBA2k20,,,,,,
Glenn Robinson III,74,#22,Warriors,F,1/8/94,6-6 / 1.98,211 lbs. / 95.7 kg.,"$1,882,867 ",USA,2014,2,40,Michigan,NBA2k20,,,,,,
Denzel Valentine,74,#45,Bulls,G,11/16/93,6-4 / 1.93,210 lbs. / 95.3 kg.,"$3,377,568 ",USA,2016,1,14,Michigan State,NBA2k20,,,,,,
Robert Williams,74,#44,Celtics,F-C,10/17/97,6-8 / 2.03,237 lbs. / 107.5 kg.,"$1,937,520 ",USA,2018,1,27,Texas A&M,NBA2k20,,,,,,
Christian Wood,74,#35,Pistons,F,9/27/95,6-10 / 2.08,216 lbs. / 98 kg.,"$1,645,357 ",USA,2015,Undrafted,Undrafted,UNLV,NBA2k20,,,,,,
Jaxson Hayes,74,#10,Pelicans,F-C,5/23/00,6-11 / 2.11,220 lbs. / 99.8 kg.,"$4,862,040 ",USA,2019,1,8,Texas,NBA2k20,,,,,,
Rui Hachimura,74,#8,Wizards,F,2/8/98,6-8 / 2.03,225 lbs. / 102.1 kg.,"$4,469,160 ",Japan,2019,1,9,Gonzaga,NBA2k20,,,,,,
OG Anunoby,73,#3,Raptors,F-G,7/17/97,6-7 / 2.01,232 lbs. / 105.2 kg.,"$2,281,800 ",United Kingdom,2017,1,23,Indiana,NBA2k20,,,,,,
Dwayne Bacon,73,#7,Hornets,G,8/30/95,6-6 / 1.98,220 lbs. / 99.8 kg.,"$1,618,520 ",USA,2017,2,40,Florida State,NBA2k20,,,,,,
DeAndre Bembry,73,#95,Hawks,F,7/4/94,6-5 / 1.96,207 lbs. / 93.9 kg.,"$2,603,981 ",USA,2016,1,21,Saint Joseph's,NBA2k20,,,,,,
Jonah Bolden,73,#0,Suns,F,1/2/96,6-8 / 2.03,215 lbs. / 97.5 kg.,"$1,788,296 ",Australia,2017,2,36,UCLA,NBA2k20,,,,,,
Sterling Brown,73,#23,Bucks,G,2/10/95,6-5 / 1.96,230 lbs. / 104.3 kg.,"$1,618,520 ",USA,2017,2,46,SMU,NBA2k20,,,,,,
Bruce Brown,73,#6,Pistons,G,8/15/96,6-4 / 1.93,190 lbs. / 86.2 kg.,"$1,416,852 ",USA,2018,2,42,Miami (Florida),NBA2k20,,,,,,
Troy Brown,73,#6,Wizards,F-G,7/28/99,6-6 / 1.98,215 lbs. / 97.5 kg.,"$3,219,480 ",USA,2018,1,15,Oregon,NBA2k20,,,,,,
Alec Burks,73,#0,76ers,G,7/20/91,6-6 / 1.98,195 lbs. / 88.5 kg.,"$2,320,044 ",USA,2011,1,12,Colorado,NBA2k20,,,,,,
Alex Caruso,73,#4,Lakers,G,2/28/94,6-5 / 1.96,186 lbs. / 84.4 kg.,"$2,750,000 ",USA,2016,Undrafted,Undrafted,Texas A&M,NBA2k20,,,,,,
Tyson Chandler,73,#19,Rockets,C,10/2/82,7-0 / 2.13,235 lbs. / 106.6 kg.,"$2,564,753 ",USA,2001,1,2,,NBA2k20,,,,,,
Allen Crabbe,73,#0,,G-F,4/9/92,6-5 / 1.96,197 lbs. / 89.4 kg.,"$17,818,456 ",USA,2013,2,31,California,NBA2k20,,,,,,
Matthew Dellavedova,73,#18,Cavaliers,G,9/8/90,6-3 / 1.91,190 lbs. / 86.2 kg.,"$9,607,500 ",Australia,2013,Undrafted,Undrafted,Saint Mary's,NBA2k20,,,,,,
James Ennis,73,#0,Magic,F,7/1/90,6-6 / 1.98,201 lbs. / 91.2 kg.,"$1,882,867 ",USA,2013,2,50,Long Beach State,NBA2k20,,,,,,
Dorian Finney-Smith,73,#10,Mavericks,F,5/4/93,6-7 / 2.01,213 lbs. / 96.6 kg.,"$4,000,000 ",USA,2016,Undrafted,Undrafted,Florida,NBA2k20,,,,,,
Shaquille Harrison,73,#3,Bulls,G,10/6/93,6-7 / 2.01,190 lbs. / 86.2 kg.,"$1,620,564 ",USA,2016,Undrafted,Undrafted,Tulsa,NBA2k20,,,,,,
Aaron Holiday,73,#3,Pacers,G,9/30/96,6-0 / 1.83,185 lbs. / 83.9 kg.,"$2,239,200 ",USA,2018,1,23,UCLA,NBA2k20,,,,,,
Danuel House,73,#4,Rockets,F,6/7/93,6-6 / 1.98,220 lbs. / 99.8 kg.,"$3,540,000 ",USA,2016,Undrafted,Undrafted,Texas A&M,NBA2k20,,,,,,
Stanley Johnson,73,#5,Raptors,F,5/29/96,6-6 / 1.98,242 lbs. / 109.8 kg.,"$3,623,000 ",USA,2015,1,8,Arizona,NBA2k20,,,,,,
Tyus Jones,73,#21,Grizzlies,G,5/10/96,6-0 / 1.83,185 lbs. / 83.9 kg.,"$10,116,000 ",USA,2015,1,24,Duke,NBA2k20,,,,,,
Furkan Korkmaz,73,#30,76ers,F,6/27/97,6-7 / 2.01,185 lbs. / 83.9 kg.,"$1,620,564 ",Turkey,2016,1,26,,NBA2k20,,,,,,
Ian Mahinmi,73,#28,Wizards,C,11/5/86,6-11 / 2.11,230 lbs. / 104.3 kg.,"$15,450,051 ",France,2005,1,28,,NBA2k20,,,,,,
CJ Miles,73,#0,,G-F,3/18/87,6-6 / 1.98,232 lbs. / 105.2 kg.,"$8,730,158 ",USA,2005,2,34,,NBA2k20,,,,,,
Mike Muscala,73,#33,Thunder,F-C,7/1/91,6-10 / 2.08,230 lbs. / 104.3 kg.,"$2,028,594 ",USA,2013,2,44,Bucknell,NBA2k20,,,,,,
Frank Ntilikina,73,#11,Knicks,G,7/28/98,6-4 / 1.93,190 lbs. / 86.2 kg.,"$4,855,800 ",France,2017,1,8,,NBA2k20,,,,,,
David Nwaba,73,#0,Rockets,G,1/14/93,6-5 / 1.96,210 lbs. / 95.3 kg.,"$2,581,965 ",USA,2016,Undrafted,Undrafted,Cal Poly,NBA2k20,,,,,,
Royce O'Neale,73,#23,Jazz,F,6/5/93,6-4 / 1.93,226 lbs. / 102.5 kg.,"$1,618,520 ",USA,2015,Undrafted,Undrafted,Baylor,NBA2k20,,,,,,
Semi Ojeleye,73,#37,Celtics,F,12/5/94,6-6 / 1.98,235 lbs. / 106.6 kg.,"$1,618,520 ",USA,2017,2,37,SMU,NBA2k20,,,,,,
Josh Okogie,73,#20,Timberwolves,G,9/1/98,6-4 / 1.93,213 lbs. / 96.6 kg.,"$2,530,680 ",Nigeria,2018,1,20,Georgia Tech,NBA2k20,,,,,,
Jonathon Simmons,73,#0,,G-F,9/14/89,6-6 / 1.98,195 lbs. / 88.5 kg.,"$1,000,000 ",USA,2012,Undrafted,Undrafted,Houston,NBA2k20,,,,,,
Ishmael Smith,73,#14,Wizards,G,7/5/88,6-0 / 1.83,175 lbs. / 79.4 kg.,"$6,000,000 ",USA,2010,Undrafted,Undrafted,Wake Forest,NBA2k20,,,,,,
Tony Snell,73,#17,Pistons,F,11/10/91,6-6 / 1.98,198 lbs. / 89.8 kg.,"$11,392,857 ",USA,2013,1,20,New Mexico,NBA2k20,,,,,,
Omari Spellman,73,#0,Timberwolves,F,7/21/97,6-8 / 2.03,245 lbs. / 111.1 kg.,"$1,897,800 ",USA,2018,1,30,Villanova,NBA2k20,,,,,,
Garrett Temple,73,#17,Nets,G-F,5/8/86,6-5 / 1.96,195 lbs. / 88.5 kg.,"$4,767,000 ",USA,2009,Undrafted,Undrafted,LSU,NBA2k20,,,,,,
Evan Turner,73,#1,Timberwolves,G-F,10/27/88,6-6 / 1.98,205 lbs. / 93 kg.,"$18,606,556 ",USA,2010,1,2,Ohio State,NBA2k20,,,,,,
Lonnie Walker,73,#1,Spurs,G,12/14/98,6-5 / 1.96,204 lbs. / 92.5 kg.,"$2,764,200 ",USA,2018,1,18,Miami (Florida),NBA2k20,,,,,,
Brad Wanamaker,73,#9,Celtics,G,7/25/89,6-3 / 1.91,210 lbs. / 95.3 kg.,"$1,445,697 ",USA,2011,Undrafted,Undrafted,Pittsburgh,NBA2k20,,,,,,
Ante Zizic,73,#41,Cavaliers,C,1/4/97,6-10 / 2.08,250 lbs. / 113.4 kg.,"$2,281,800 ",Croatia,2016,1,23,,NBA2k20,,,,,,
Tyler Herro,73,#14,Heat,G,1/20/00,6-5 / 1.96,195 lbs. / 88.5 kg.,"$3,640,200 ",USA,2019,1,13,Kentucky,NBA2k20,,,,,,
Vincent Poirier,73,#77,Celtics,C,10/17/93,7-0 / 2.13,235 lbs. / 106.6 kg.,"$2,505,793 ",France,2015,Undrafted,Undrafted,,NBA2k20,,,,,,
Sekou Doumbouya,73,#45,Pistons,F,12/23/00,6-8 / 2.03,209 lbs. / 94.8 kg.,"$3,285,120 ",France,2019,1,15,,NBA2k20,,,,,,
Brandon Clarke,73,#15,Grizzlies,F,9/19/96,6-8 / 2.03,215 lbs. / 97.5 kg.,"$2,478,840 ",Canada,2019,1,21,Gonzaga,NBA2k20,,,,,,
Nicolo Melli,73,#20,Pelicans,F,1/26/91,6-9 / 2.06,236 lbs. / 107 kg.,"$4,102,564 ",Italy,2013,Undrafted,Undrafted,,NBA2k20,,,,,,
Nassir Little,73,#9,Blazers,F,2/11/00,6-5 / 1.96,220 lbs. / 99.8 kg.,"$2,105,520 ",USA,2019,1,25,North Carolina,NBA2k20,,,,,,
Grayson Allen,72,#3,Grizzlies,G,10/8/95,6-4 / 1.93,205 lbs. / 93 kg.,"$2,429,400 ",USA,2018,1,21,Duke,NBA2k20,,,,,,
Antonio Blakeney,72,#0,,G-F,10/4/96,6-4 / 1.93,197 lbs. / 89.4 kg.,"$1,488,231 ",USA,2017,Undrafted,Undrafted,LSU,NBA2k20,,,,,,
Michael Carter-Williams,72,#7,Magic,G,10/10/91,6-5 / 1.96,184 lbs. / 83.5 kg.,"$2,028,594 ",USA,2013,1,11,Syracuse,NBA2k20,,,,,,
Troy Daniels,72,#30,Nuggets,G,7/15/91,6-4 / 1.93,200 lbs. / 90.7 kg.,"$2,487,033 ",USA,2013,Undrafted,Undrafted,VCU,NBA2k20,,,,,,
Donte DiVincenzo,72,#0,Bucks,G,1/31/97,6-4 / 1.93,205 lbs. / 93 kg.,"$2,905,800 ",USA,2018,1,17,Villanova,NBA2k20,,,,,,
Jared Dudley,72,#10,Lakers,F,7/10/85,6-6 / 1.98,225 lbs. / 102.1 kg.,"$2,564,753 ",USA,2007,1,22,Boston College,NBA2k20,,,,,,
Cristiano Felicio,72,#6,Bulls,F,7/7/92,6-10 / 2.08,270 lbs. / 122.5 kg.,"$8,156,500 ",Brazil,2014,Undrafted,Undrafted,,NBA2k20,,,,,,
Tim Frazier,72,#0,,G,11/1/90,6-0 / 1.83,170 lbs. / 77.1 kg.,"$1,620,564 ",USA,2014,Undrafted,Undrafted,Penn State,NBA2k20,,,,,,
Langston Galloway,72,#9,Pistons,G,12/9/91,6-1 / 1.85,202 lbs. / 91.6 kg.,"$7,333,333 ",USA,2014,Undrafted,Undrafted,Saint Joseph's,NBA2k20,,,,,,
Justin Holiday,72,#8,Pacers,G,4/5/89,6-6 / 1.98,180 lbs. / 81.6 kg.,"$4,767,000 ",USA,2011,Undrafted,Undrafted,Washington,NBA2k20,,,,,,
Chandler Hutchison,72,#15,Bulls,F,4/26/96,6-7 / 2.01,196 lbs. / 88.9 kg.,"$2,332,320 ",USA,2018,1,22,Boise State,NBA2k20,,,,,,
Wesley Iwundu,72,#25,Magic,F,12/20/94,6-6 / 1.98,205 lbs. / 93 kg.,"$1,618,520 ",USA,2017,2,33,Kansas State,NBA2k20,,,,,,
Brandon Knight,72,#0,Pistons,G,12/2/91,6-2 / 1.88,189 lbs. / 85.7 kg.,"$15,643,750 ",USA,2011,1,8,Kentucky,NBA2k20,,,,,,
Courtney Lee,72,#1,Mavericks,G-F,10/3/85,6-5 / 1.96,200 lbs. / 90.7 kg.,"$12,759,670 ",USA,2008,1,22,Western Kentucky,NBA2k20,,,,,,
Thon Maker,72,#7,Pistons,F-C,2/25/97,7-0 / 2.13,216 lbs. / 98 kg.,"$3,569,643 ",Australia,2016,1,10,,NBA2k20,,,,,,
Patrick McCaw,72,#22,Raptors,G,10/25/95,6-7 / 2.01,181 lbs. / 82.1 kg.,"$4,000,000 ",USA,2016,2,38,UNLV,NBA2k20,,,,,,
Rodney McGruder,72,#19,Clippers,G,7/29/91,6-4 / 1.93,205 lbs. / 93 kg.,"$4,807,693 ",USA,2013,Undrafted,Undrafted,Kansas State,NBA2k20,,,,,,
Darius Miller,72,#21,Pelicans,F,3/21/90,6-6 / 1.98,225 lbs. / 102.1 kg.,"$7,250,000 ",USA,2012,2,46,Kentucky,NBA2k20,,,,,,
Raul Neto,72,#19,76ers,G,5/19/92,6-1 / 1.85,170 lbs. / 77.1 kg.,"$1,737,145 ",Brazil,2013,2,47,,NBA2k20,,,,,,
Georges Niang,72,#31,Jazz,F,6/17/93,6-7 / 2.01,230 lbs. / 104.3 kg.,"$1,645,357 ",USA,2016,2,50,Iowa State,NBA2k20,,,,,,
Cameron Payne,72,#0,Suns,G,8/8/94,6-2 / 1.88,180 lbs. / 81.6 kg.,"$346,288 ",USA,2015,1,14,Murray State,NBA2k20,,,,,,
Anfernee Simons,72,#1,Blazers,G,6/8/99,6-3 / 1.91,181 lbs. / 82.1 kg.,"$2,149,560 ",USA,2018,1,24,,NBA2k20,,,,,,
Zhaire Smith,72,#8,76ers,G-F,6/4/99,6-3 / 1.91,205 lbs. / 93 kg.,"$3,058,800 ",USA,2018,1,16,Texas Tech,NBA2k20,,,,,,
Anthony Tolliver,72,#0,Grizzlies,F,6/1/85,6-8 / 2.03,240 lbs. / 108.9 kg.,"$2,854,556 ",USA,2007,Undrafted,Undrafted,Creighton,NBA2k20,,,,,,
DJ Wilson,72,#5,Bucks,F,2/19/96,6-10 / 2.08,234 lbs. / 106.1 kg.,"$2,961,120 ",USA,2017,1,17,Michigan,NBA2k20,,,,,,
Alfonzo McKinnie,72,#0,Cavaliers,F,9/17/92,6-8 / 2.03,215 lbs. / 97.5 kg.,"$2,391,985 ",USA,2015,Undrafted,Undrafted,Green Bay,NBA2k20,,,,,,
Romeo Langford,72,#45,Celtics,G,10/25/99,6-4 / 1.93,216 lbs. / 98 kg.,"$3,458,400 ",USA,2019,1,14,Indiana,NBA2k20,,,,,,
Grant Williams,72,#12,Celtics,F,11/30/98,6-6 / 1.98,236 lbs. / 107 kg.,"$2,379,840 ",USA,2019,1,22,Tennessee,NBA2k20,,,,,,
Nicolas Claxton,72,#0,Nets,C,4/17/90,6-11 / 2.11,215 lbs. / 97.5 kg.,"$898,310 ",USA,2019,2,31,Georgia,NBA2k20,,,,,,
PJ Washington,72,#25,Hornets,F,8/23/98,6-7 / 2.01,225 lbs. / 102.1 kg.,"$3,831,840 ",USA,2019,1,12,Kentucky,NBA2k20,,,,,,
Ryan Arcidiacono,72,#51,Bulls,G,3/26/94,6-3 / 1.91,195 lbs. / 88.5 kg.,"$3,000,000 ",Italy,2016,Undrafted,Undrafted,Villanova,NBA2k20,,,,,,
Kevin Porter,72,#4,Cavaliers,G-F,5/4/00,6-4 / 1.93,218 lbs. / 98.9 kg.,"$1,290,960 ",USA,2019,1,30,USC,NBA2k20,,,,,,
Ryan Broekhoff,72,#0,76ers,F,8/23/90,6-6 / 1.98,215 lbs. / 97.5 kg.,"$2,833,704 ",Australia,2013,Undrafted,Undrafted,Valparaiso,NBA2k20,,,,,,
Goga Bitadze,72,#88,Pacers,C,7/20/99,6-11 / 2.11,250 lbs. / 113.4 kg.,"$2,816,760 ",Georgia,2019,1,18,,NBA2k20,,,,,,
De'Anthony Melton,72,#0,Grizzlies,G,5/28/98,6-2 / 1.88,190 lbs. / 86.2 kg.,"$1,416,852 ",USA,2018,2,46,USC,NBA2k20,,,,,,
Kenrich Williams,72,#34,Pelicans,G-F,12/2/94,6-6 / 1.98,210 lbs. / 95.3 kg.,"$1,416,852 ",USA,2018,Undrafted,Undrafted,TCU,NBA2k20,,,,,,
Nickeil Alexander-Walker,72,#0,Pelicans,G,9/2/98,6-5 / 1.96,205 lbs. / 93 kg.,"$2,964,840 ",Canada,2019,1,17,Virginia Tech,NBA2k20,,,,,,
Chuma Okeke,72,#3,,F-C,8/18/98,6-8 / 2.03,230 lbs. / 104 kg.,"$2,773,550 ",USA,2019,1,16,Auburn,NBA2k20,,,,,,
Matisse Thybulle,72,#22,76ers,G-F,3/4/97,6-5 / 1.96,201 lbs. / 91.2 kg.,"$2,582,160 ",USA,2019,1,20,Washington,NBA2k20,,,,,,
Cameron Johnson,72,#23,Suns,F,3/3/96,6-8 / 2.03,210 lbs. / 95.3 kg.,"$4,033,440 ",USA,2019,1,11,North Carolina,NBA2k20,,,,,,
Ty Jerome,72,#10,Suns,G,7/8/97,6-5 / 1.96,195 lbs. / 88.5 kg.,"$2,193,480 ",USA,2019,1,24,Virginia,NBA2k20,,,,,,
Luka Samanic,72,#19,Spurs,F,1/9/00,6-10 / 2.08,209 lbs. / 94.8 kg.,"$2,689,920 ",Croatia,2019,1,19,,NBA2k20,,,,,,
Keldon Johnson,72,#3,Spurs,F,10/11/99,6-5 / 1.96,211 lbs. / 95.7 kg.,"$1,950,600 ",USA,2019,1,29,Kentucky,NBA2k20,,,,,,
Matt Thomas,72,#21,Raptors,G,8/4/94,6-4 / 1.93,197 lbs. / 89.4 kg.,"$898,310 ",USA,2017,Undrafted,Undrafted,Iowa State,NBA2k20,,,,,,
Chris Boucher,71,#25,Raptors,F-C,1/11/93,6-9 / 2.06,200 lbs. / 90.7 kg.,"$1,588,231 ",Canada,2017,Undrafted,Undrafted,Oregon,NBA2k20,,,,,,
Jevon Carter,71,#4,Suns,G,9/14/95,6-1 / 1.85,200 lbs. / 90.7 kg.,"$1,416,852 ",USA,2018,2,32,West Virginia,NBA2k20,,,,,,
Deyonta Davis,71,#0,,F-C,12/2/96,6-10 / 2.08,240 lbs. / 108.9 kg.,"$250,000 ",USA,2016,2,31,Michigan State,NBA2k20,,,,,,
Jacob Evans,71,#0,Timberwolves,G,6/18/97,6-4 / 1.93,210 lbs. / 95.3 kg.,"$1,925,880 ",USA,2018,1,28,Cincinnati,NBA2k20,,,,,,
Terrance Ferguson,71,#23,Thunder,G,5/17/98,6-6 / 1.98,184 lbs. / 83.5 kg.,"$2,475,840 ",USA,2017,1,21,,NBA2k20,,,,,,
Daniel Gafford,71,#12,Bulls,F,10/1/98,6-10 / 2.08,234 lbs. / 106.1 kg.,"$898,310 ",USA,2019,2,38,Arkansas,NBA2k20,,,,,,
Treveon Graham,71,#12,Hawks,G,10/28/93,6-5 / 1.96,219 lbs. / 99.3 kg.,"$1,645,357 ",USA,2015,Undrafted,Undrafted,VCU,NBA2k20,,,,,,
Frank Jackson,71,#15,Pelicans,G,5/4/98,6-3 / 1.91,205 lbs. / 93 kg.,"$1,618,520 ",USA,2017,2,31,Duke,NBA2k20,,,,,,
Luke Kornet,71,#2,Bulls,C,7/15/95,7-2 / 2.18,240 lbs. / 108.9 kg.,"$2,250,000 ",USA,2017,Undrafted,Undrafted,Vanderbilt,NBA2k20,,,,,,
Frank Mason,71,#15,Bucks,G,4/13/94,5-11 / 1.80,190 lbs. / 86.2 kg.,"$79,568 ",USA,2017,2,34,Kansas,NBA2k20,,,,,,
Ben McLemore,71,#16,Rockets,G,2/11/93,6-3 / 1.91,189 lbs. / 85.7 kg.,"$2,028,594 ",USA,2013,1,7,Kansas,NBA2k20,,,,,,
Dzanan Musa,71,#13,Nets,F,5/8/99,6-9 / 2.06,195 lbs. / 88.5 kg.,"$1,911,600 ",Bosnia and Herzegovina,2018,1,29,,NBA2k20,,,,,,
Elie Okobo,71,#2,Suns,G,10/23/97,6-3 / 1.91,190 lbs. / 86.2 kg.,"$1,416,852 ",France,2018,2,31,,NBA2k20,,,,,,
Jerome Robinson,71,#1,Wizards,G,2/22/97,6-4 / 1.93,190 lbs. / 86.2 kg.,"$3,567,720 ",USA,2018,1,13,Boston College,NBA2k20,,,,,,
JaKarr Sampson,71,#14,Pacers,F,3/20/93,6-7 / 2.01,223 lbs. / 101.2 kg.,"$1,737,145 ",USA,2014,Undrafted,Undrafted,St. John's,NBA2k20,,,,,,
Edmond Sumner,71,#5,Pacers,G,12/13/95,6-4 / 1.93,186 lbs. / 84.4 kg.,"$2,000,000 ",USA,2017,2,52,Xavier,NBA2k20,,,,,,
Gary Trent Jr,71,#2,Blazers,G,1/18/99,6-5 / 1.96,209 lbs. / 94.8 kg.,"$1,416,852 ",USA,2018,2,37,Duke,NBA2k20,,,,,,
Moritz Wagner,71,#21,Wizards,F,4/26/97,6-11 / 2.11,240 lbs. / 108.9 kg.,"$2,063,520 ",Germany,2018,1,25,Michigan,NBA2k20,,,,,,
Admiral Schofield,71,#1,Wizards,F,3/30/97,6-5 / 1.96,241 lbs. / 109.3 kg.,"$1,000,000 ",USA,2019,2,42,Tennessee,NBA2k20,,,,,,
Bruno Fernando,71,#24,Hawks,F,8/15/98,6-9 / 2.06,245 lbs. / 111.1 kg.,"$1,400,000 ",Angola,2019,2,34,Maryland,NBA2k20,,,,,,
Alen Smailagic,71,#6,Warriors,F,8/18/00,6-10 / 2.08,215 lbs. / 97.5 kg.,"$898,310 ",Serbia,2019,2,39,,NBA2k20,,,,,,
Eric Paschall,71,#7,Warriors,F,11/4/96,6-6 / 1.98,255 lbs. / 115.7 kg.,"$898,310 ",USA,2019,2,41,Villanova,NBA2k20,,,,,,
Carsen Edwards,71,#4,Celtics,G,3/12/98,5-11 / 1.80,200 lbs. / 90.7 kg.,"$1,228,026 ",USA,2019,2,33,Purdue,NBA2k20,,,,,,
KZ Okpala,71,#4,Heat,F,4/28/99,6-8 / 2.03,215 lbs. / 97.5 kg.,"$898,310 ",USA,2019,2,32,Stanford,NBA2k20,,,,,,
Shake Milton,71,#18,76ers,C,9/26/96,6-5 / 1.96,205 lbs. / 93 kg.,"$1,445,697 ",USA,2018,2,54,SMU,NBA2k20,,,,,,
Chimezie Metu,71,#7,Spurs,F,3/22/97,6-9 / 2.06,225 lbs. / 102.1 kg.,"$1,416,852 ",Nigeria,2018,2,49,USC,NBA2k20,,,,,,
Keita Bates-Diop,70,#0,Nuggets,F,1/23/96,6-8 / 2.03,235 lbs. / 106.6 kg.,"$1,416,852 ",USA,2018,2,48,Ohio State,NBA2k20,,,,,,
Darius Bazley,70,#7,Thunder,F,6/12/00,6-8 / 2.03,200 lbs. / 90.7 kg.,"$2,284,800 ",USA,2019,1,23,,NBA2k20,,,,,,
Tony Bradley,70,#13,Jazz,F-C,1/8/98,6-10 / 2.08,248 lbs. / 112.5 kg.,"$1,962,360 ",USA,2017,1,28,North Carolina,NBA2k20,,,,,,
Hamidou Diallo,70,#6,Thunder,G,7/31/98,6-5 / 1.96,198 lbs. / 89.8 kg.,"$1,416,852 ",USA,2018,2,45,Kentucky,NBA2k20,,,,,,
Melvin Frazier,70,#35,Magic,F,8/30/96,6-5 / 1.96,201 lbs. / 91.2 kg.,"$1,416,852 ",USA,2018,2,35,Tulane,NBA2k20,,,,,,
Solomon Hill,70,#44,Heat,F,3/18/91,6-6 / 1.98,226 lbs. / 102.5 kg.,"$13,290,395 ",USA,2013,1,23,Arizona,NBA2k20,,,,,,
Alize Johnson,70,#24,Pacers,F,4/26/96,6-7 / 2.01,201 lbs. / 91.2 kg.,"$1,416,852 ",USA,2018,2,50,Missouri State,NBA2k20,,,,,,
Skal Labissiere,70,#0,Hawks,C-F,3/18/96,6-10 / 2.08,216 lbs. / 98 kg.,"$2,338,846 ",Haiti,2016,1,28,Kentucky,NBA2k20,,,,,,
Tyler Lydon,70,#0,,F-C,4/9/96,6-9 / 2.06,220 lbs. / 99.8 kg.,"$50,000 ",USA,2017,1,24,Syracuse,NBA2k20,,,,,,
Sviatoslav Mykhailiuk,70,#19,Pistons,G,6/10/97,6-7 / 2.01,205 lbs. / 93 kg.,"$1,416,852 ",Ukraine,2018,2,47,Kansas,NBA2k20,,,,,,
Johnathan Motley,70,#15,Clippers,F,5/4/95,6-8 / 2.03,230 lbs. / 104.3 kg.,"$79,568 ",USA,2017,Undrafted,Undrafted,Baylor,NBA2k20,,,,,,
Abdel Nader,70,#11,Thunder,F,9/25/93,6-5 / 1.96,225 lbs. / 102.1 kg.,"$1,618,520 ",Egypt,2016,2,58,Iowa State,NBA2k20,,,,,,
Miles Plumlee,70,#0,,F-C,9/1/88,6-11 / 2.11,255 lbs. / 115.7 kg.,"$12,500,000 ",USA,2012,1,26,Duke,NBA2k20,,,,,,
Caleb Swanigan,70,#50,Blazers,C,4/18/97,6-9 / 2.06,249 lbs. / 112.9 kg.,"$2,033,160 ",USA,2017,1,26,Purdue,NBA2k20,,,,,,
Jarred Vanderbilt,70,#0,Timberwolves,F,4/3/99,6-9 / 2.06,214 lbs. / 97.1 kg.,"$1,416,852 ",USA,2018,2,41,Kentucky,NBA2k20,,,,,,
Jemerrio Jones,70,#0,,F,4/9/95,6-5 / 1.96,201 lbs. / 91.2 kg.,"$195,077 ",USA,2018,Undrafted,Undrafted,New Mexico State,NBA2k20,,,,,,
Jordan Poole,70,#3,Warriors,G,6/19/99,6-4 / 1.93,194 lbs. / 88 kg.,"$1,964,760 ",USA,2019,1,28,Michigan,NBA2k20,,,,,,
Talen Horton-Tucker,70,#5,Lakers,G,11/20/00,6-4 / 1.93,234 lbs. / 106.1 kg.,"$898,310 ",USA,2019,2,46,Iowa State,NBA2k20,,,,,,
Yante Maten,70,#0,,F-C,8/14/96,6-8 / 2.03,240 lbs. / 108.9 kg.,"$100,000 ",USA,2018,Undrafted,Undrafted,Georgia,NBA2k20,,,,,,
Thanasis Antetokounmpo,70,#43,Bucks,F,7/18/92,6-6 / 1.98,215 lbs. / 97.5 kg.,"$1,445,697 ",Greece,2014,2,51,,NBA2k20,,,,,,
Naz Reid,70,#11,Timberwolves,C,8/26/99,6-9 / 2.06,249 lbs. / 112.9 kg.,"$898,310 ",USA,2019,Undrafted,Undrafted,LSU,NBA2k20,,,,,,
Ignas Brazdeikis,70,#17,Knicks,F,1/8/99,6-6 / 1.98,216 lbs. / 98 kg.,"$898,310 ",Canada,2019,2,47,Michigan,NBA2k20,,,,,,
Deonte Burton,70,#30,Thunder,G,6/26/91,6-4 / 1.93,240 lbs. / 108.9 kg.,"$1,416,852 ",USA,2014,Undrafted,Undrafted,Iowa State,NBA2k20,,,,,,
Justin James,70,#10,Kings,G,1/24/97,6-7 / 2.01,190 lbs. / 86.2 kg.,"$898,310 ",USA,2019,2,40,Wyoming,NBA2k20,,,,,,
Henry Ellenson,69,#0,,F-C,1/13/97,6-10 / 2.08,242 lbs. / 109.8 kg.,"$79,568 ",USA,2016,1,18,Marquette,NBA2k20,,,,,,
Devonte Graham,69,#0,Hornets,G,2/22/95,6-1 / 1.85,185 lbs. / 83.9 kg.,"$1,416,852 ",USA,2018,2,34,Kansas,NBA2k20,,,,,,
Amile Jefferson,69,#0,,F-C,5/7/93,6-9 / 2.06,224 lbs. / 101.6 kg.,"$1,529,007 ",USA,2017,Undrafted,Undrafted,Duke,NBA2k20,,,,,,
Khyri Thomas,69,#13,Pistons,G,5/8/96,6-3 / 1.91,210 lbs. / 95.3 kg.,"$1,416,852 ",USA,2018,2,38,Creighton,NBA2k20,,,,,,
Theo Pinson,69,#0,Knicks,G,11/5/95,6-5 / 1.96,220 lbs. / 99.8 kg.,"$1,445,697 ",USA,2018,Undrafted,Undrafted,North Carolina,NBA2k20,,,,,,
Gary Clark,69,#0,Magic,F,11/16/94,6-6 / 1.98,225 lbs. / 102.1 kg.,"$1,427,191 ",USA,2018,Undrafted,Undrafted,Cincinnati,NBA2k20,,,,,,
Terance Mann,69,#14,Clippers,G,10/18/96,6-5 / 1.96,215 lbs. / 97.5 kg.,"$1,000,000 ",USA,2019,2,48,Florida State,NBA2k20,,,,,,
Cam Reynolds,69,#13,Bucks,G,2/7/95,6-7 / 2.01,225 lbs. / 102.1 kg.,"$79,568 ",USA,2018,Undrafted,Undrafted,Tulane,NBA2k20,,,,,,
Tyrone Wallace,69,#0,,G-F,6/10/94,6-5 / 1.96,200 lbs. / 90.7 kg.,"$502,491 ",USA,2016,2,60,California,NBA2k20,,,,,,
Miye Oni,69,#24,Jazz,F,8/4/97,6-5 / 1.96,210 lbs. / 95.3 kg.,"$898,310 ",USA,2019,2,58,Yale,NBA2k20,,,,,,
Malcolm Miller,69,#13,Raptors,F,3/6/93,6-7 / 2.01,205 lbs. / 93 kg.,"$1,588,231 ",USA,2015,Undrafted,Undrafted,Holy Cross,NBA2k20,,,,,,
Isaac Bonga,68,#17,Wizards,G,11/8/99,6-8 / 2.03,200 lbs. / 90.7 kg.,"$1,416,852 ",Germany,2018,2,39,,NBA2k20,,,,,,
Isaiah Hartenstein,68,#0,,F-C,5/5/98,7-0 / 2.13,250 lbs. / 113.4 kg.,"$1,416,852 ",Germany,2017,2,43,,NBA2k20,,,,,,
Jordan McRae,68,#0,Pistons,G,3/28/91,6-5 / 1.96,179 lbs. / 81.2 kg.,"$1,254,933 ",USA,2014,2,58,Tennessee,NBA2k20,,,,,,
Brandon Goodwin,68,#0,Hawks,G,10/2/95,6-0 / 1.83,180 lbs. / 81.6 kg.,"$522,738 ",USA,2018,Undrafted,Undrafted,Florida Gulf Coast,NBA2k20,,,,,,
Michael Frazier,68,#21,Rockets,G,3/8/94,6-3 / 1.91,200 lbs. / 90.7 kg.,"$79,568 ",USA,2015,2,60,Florida,NBA2k20,,,,,,
Kostas Antetokounmpo,68,#37,Lakers,F,11/20/97,6-10 / 2.08,200 lbs. / 90.7 kg.,"$79,568 ",Greece,2018,Undrafted,Undrafted,Dayton,NBA2k20,,,,,,
Jalen Lecque,68,#0,Suns,G,6/13/00,6-3 / 1.91,190 lbs. / 86.2 kg.,"$898,310 ",USA,2019,Undrafted,Undrafted,,NBA2k20,,,,,,
Duncan Robinson,67,#55,Heat,F,4/22/94,6-7 / 2.01,215 lbs. / 97.5 kg.,"$1,416,852 ",USA,2018,Undrafted,Undrafted,Michigan,NBA2k20,,,,,,
LeBron James,97,#6,Lakers,F,12/30/84,6-9 / 2.06,250 lbs. / 113.4 kg.,"$39,219,566 ",USA,2003,1,1,,NBA2k21,,,,,,
Giannis Antetokounmpo,97,#34,Bucks,F-G,12/6/94,6-11 / 2.11,242 lbs. / 109.8 kg.,"$27,528,088 ",Greece,2013,1,15,,NBA2k21,,,,,,
Kawhi Leonard,96,#2,Clippers,F,6/29/91,6-7 / 2.01,225 lbs. / 102.1 kg.,"$34,379,100 ",USA,2011,1,15,San Diego State,NBA2k21,,,,,,
James Harden,96,#13,Nets,G,8/26/89,6-5 / 1.96,220 lbs. / 99.8 kg.,"$41,254,920 ",USA,2009,1,3,Arizona State,NBA2k21,,,,,,
Stephen Curry,95,#30,Warriors,G,3/14/88,6-3 / 1.91,185 lbs. / 83.9 kg.,"$43,006,362 ",USA,2009,1,7,Davidson,NBA2k21,,,,,,
Kevin Durant,95,#7,Nets,F,9/29/88,6-10 / 2.08,230 lbs. / 104.3 kg.,"$42,018,900 ",USA,2007,1,2,Texas,NBA2k21,,,,,,
Anthony Davis,95,#3,Lakers,F-C,3/11/93,6-10 / 2.08,222 lbs. / 100.7 kg.,"$32,742,000 ",USA,2012,1,1,Kentucky,NBA2k21,,,,,,
Luka Doncic,94,#77,Mavericks,G-F,2/28/99,6-7 / 2.01,227 lbs. / 103 kg.,"$8,049,360 ",Slovenia,2018,1,3,,NBA2k21,,,,,,
Damian Lillard,94,#0,Blazers,G,7/15/90,6-2 / 1.88,195 lbs. / 88.5 kg.,"$31,626,953 ",USA,2012,1,6,Weber State,NBA2k21,,,,,,
Joel Embiid,91,#21,76ers,C,3/16/94,7-0 / 2.13,250 lbs. / 113.4 kg.,"$29,542,010 ",Cameroon,2014,1,3,Kansas,NBA2k21,,,,,,
Stephen Curry,96,#30,Warriors,G,3/14/88,6-3 / 1.91,185 lbs. / 83.9 kg.,"$45,780,966 ",USA,2009,1,7,Davidson,NBA2k22,,,,,,
Kevin Durant,96,#7,Nets,F,9/29/88,6-10 / 2.08,230 lbs. / 104.3 kg.,"$40,918,900 ",USA,2007,1,2,Texas,NBA2k22,,,,,,
LeBron James,96,#6,Lakers,F,12/30/84,6-9 / 2.06,250 lbs. / 113.4 kg.,"$41,180,544 ",USA,2003,1,1,,NBA2k22,,,,,,
Giannis Antetokounmpo,96,#34,Bucks,F-G,12/6/94,6-11 / 2.11,242 lbs. / 109.8 kg.,"$39,344,900 ",Greece,2013,1,15,,NBA2k22,,,,,,
Nikola Jokic,95,#15,Nuggets,C,2/19/95,7-0 / 2.13,253 lbs. / 114.8 kg.,"$31,044,906 ",Serbia,2014,2,41,,NBA2k22,,,,,,
Joel Embiid,95,#21,76ers,C,3/16/94,7-0 / 2.13,250 lbs. / 113.4 kg.,"$31,579,390 ",Cameroon,2014,1,3,Kansas,NBA2k22,,,,,,
Kawhi Leonard,95,#2,Clippers,F,6/29/91,6-7 / 2.01,225 lbs. / 102.1 kg.,"$39,344,900 ",USA,2011,1,15,San Diego State,NBA2k22,,,,,,
Luka Doncic,94,#77,Mavericks,G-F,2/28/99,6-7 / 2.01,227 lbs. / 103 kg.,"$10,174,391 ",Slovenia,2018,1,3,,NBA2k22,,,,,,
Damian Lillard,94,#0,Blazers,G,7/15/90,6-2 / 1.88,195 lbs. / 88.5 kg.,"$39,344,900 ",USA,2012,1,6,Weber State,NBA2k22,,,,,,
James Harden,94,#13,Nets,G,8/26/89,6-5 / 1.96,220 lbs. / 99.8 kg.,"$44,310,840 ",USA,2009,1,3,Arizona State,NBA2k22,,,,,,
Paul George,90,#13,Clippers,F,5/2/90,6-8 / 2.03,210 lbs. / 95.3 kg.,"$35,450,412 ",USA,2010,1,10,Fresno State,NBA2k21,,,,,,
Nikola Jokic,90,#15,Nuggets,C,2/19/95,7-0 / 2.13,253 lbs. / 114.8 kg.,"$29,542,010 ",Serbia,2014,2,41,,NBA2k21,,,,,,
Kyrie Irving,90,#11,Nets,G,3/23/92,6-2 / 1.88,180 lbs. / 81.6 kg.,"$33,722,850 ",Australia,2011,1,1,Duke,NBA2k21,,,,,,
Karl-Anthony Towns,90,#32,Timberwolves,F-C,11/15/95,6-11 / 2.11,248 lbs. / 112.5 kg.,"$29,467,800 ",USA,2015,1,1,Kentucky,NBA2k21,,,,,,
Klay Thompson,89,#11,Warriors,G,2/8/90,6-6 / 1.98,205 lbs. / 93 kg.,"$35,361,360 ",USA,2011,1,11,Washington State,NBA2k21,,,,,,
Jimmy Butler,89,#22,Heat,G,9/14/89,6-7 / 2.01,220 lbs. / 99.8 kg.,"$34,379,100 ",USA,2011,1,30,Marquette,NBA2k21,,,,,,
Trae Young,88,#11,Hawks,G,9/19/98,6-1 / 1.85,180 lbs. / 81.6 kg.,"$6,571,800 ",USA,2018,1,5,Oklahoma,NBA2k21,,,,,,
Russell Westbrook,88,#0,Rockets,G,11/12/88,6-3 / 1.91,190 lbs. / 86.2 kg.,"$41,358,814 ",USA,2008,1,4,UCLA,NBA2k21,,,,,,
Pascal Siakam,88,#43,Raptors,F,4/2/94,6-9 / 2.06,227 lbs. / 103 kg.,"$30,559,200 ",Cameroon,2016,1,27,New Mexico State,NBA2k21,,,,,,
Donovan Mitchell,88,#45,Jazz,G,9/7/96,6-1 / 1.85,211 lbs. / 95.7 kg.,"$5,195,501 ",USA,2017,1,13,Louisville,NBA2k21,,,,,,
Chris Paul,88,#3,Thunder,G,5/6/85,6-1 / 1.85,175 lbs. / 79.4 kg.,"$41,358,814 ",USA,2005,1,4,Wake Forest,NBA2k21,,,,,,
Bradley Beal,88,#3,Wizards,G,6/28/93,6-3 / 1.91,207 lbs. / 93.9 kg.,"$28,751,774 ",USA,2012,1,3,Florida,NBA2k21,,,,,,
Rudy Gobert,87,#27,Jazz,C,6/26/92,7-1 / 2.16,238 lbs. / 108 kg.,"$27,525,281 ",France,2013,1,27,,NBA2k21,,,,,,
Kyle Lowry,87,#7,Raptors,G,3/25/86,6-0 / 1.83,205 lbs. / 93 kg.,"$30,500,000 ",USA,2006,1,24,Villanova,NBA2k21,,,,,,
Kristaps Porzingis,87,#6,Mavericks,F-C,8/2/95,7-3 / 2.21,220 lbs. / 99.8 kg.,"$29,467,800 ",Latvia,2015,1,4,,NBA2k21,,,,,,